producer,consumer,producerStorageType,producerTasksPerNode,consumerStorageType,consumerTasksPerNode,SPM
run_idfeature,run_tracksingle,tmpfs,3,ssd,6,1.7674976494251053
run_idfeature,run_tracksingle,tmpfs,3,tmpfs,12,1.7687482687470188
run_idfeature,run_tracksingle,tmpfs,3,tmpfs,3,1.7693100140314486
run_idfeature,run_tracksingle,tmpfs,3,tmpfs,6,1.7697223025917908
run_idfeature,run_tracksingle,tmpfs,3,ssd,3,1.7702520228968177
run_idfeature,run_tracksingle,tmpfs,3,ssd,12,1.7774757871558475
run_idfeature,run_tracksingle,tmpfs,3,beegfs,3,1.8826142621227158
run_idfeature,run_tracksingle,tmpfs,3,beegfs,6,1.8933507447357523
run_idfeature,run_tracksingle,tmpfs,6,ssd,6,1.9695212931199917
run_idfeature,run_tracksingle,tmpfs,6,tmpfs,12,1.9707719124419052
run_idfeature,run_tracksingle,tmpfs,6,tmpfs,3,1.971333657726335
run_idfeature,run_tracksingle,tmpfs,6,tmpfs,6,1.971745946286677
run_idfeature,run_tracksingle,tmpfs,6,ssd,3,1.972275666591704
run_idfeature,run_tracksingle,tmpfs,3,beegfs,12,1.972577027594078
run_idfeature,run_tracksingle,tmpfs,6,ssd,12,1.9794994308507339
run_idfeature,run_tracksingle,tmpfs,12,ssd,6,2.0540420317984154
run_idfeature,run_tracksingle,tmpfs,12,tmpfs,12,2.055292651120329
run_idfeature,run_tracksingle,tmpfs,12,tmpfs,3,2.055854396404759
run_idfeature,run_tracksingle,tmpfs,12,tmpfs,6,2.056266684965101
run_idfeature,run_tracksingle,tmpfs,12,ssd,3,2.056796405270128
run_idfeature,run_tracksingle,tmpfs,12,ssd,12,2.0640201695291576
run_idfeature,run_tracksingle,tmpfs,6,beegfs,3,2.084637905817602
run_idfeature,run_tracksingle,tmpfs,6,beegfs,6,2.0953743884306384
run_idfeature,run_tracksingle,tmpfs,12,beegfs,3,2.169158644496026
run_idfeature,run_tracksingle,tmpfs,6,beegfs,12,2.1746006712889643
run_idfeature,run_tracksingle,tmpfs,12,beegfs,6,2.179895127109062
run_idfeature,run_tracksingle,tmpfs,12,beegfs,12,2.259121409967388
run_idfeature,run_tracksingle,ssd,6,ssd,6,2.4572896504361488
run_idfeature,run_tracksingle,ssd,6,tmpfs,12,2.4585402697580623
run_idfeature,run_tracksingle,ssd,6,tmpfs,3,2.4591020150424923
run_idfeature,run_tracksingle,ssd,6,tmpfs,6,2.4595143036028344
run_idfeature,run_tracksingle,ssd,6,ssd,3,2.4600440239078614
run_idfeature,run_tracksingle,ssd,6,ssd,12,2.467267788166891
run_idfeature,run_tracksingle,ssd,3,ssd,6,2.4833635315893012
run_idfeature,run_tracksingle,ssd,3,tmpfs,12,2.4846141509112147
run_idfeature,run_tracksingle,ssd,3,tmpfs,3,2.4851758961956447
run_idfeature,run_tracksingle,ssd,3,tmpfs,6,2.485588184755987
run_idfeature,run_tracksingle,ssd,3,ssd,3,2.486117905061014
run_idfeature,run_tracksingle,ssd,3,ssd,12,2.4933416693200434
run_idfeature,run_tracksingle,ssd,6,beegfs,3,2.572406263133759
run_idfeature,run_tracksingle,ssd,6,beegfs,6,2.5831427457467955
run_idfeature,run_tracksingle,ssd,3,beegfs,3,2.5984801442869117
run_idfeature,run_tracksingle,ssd,3,beegfs,6,2.609216626899948
run_idfeature,run_tracksingle,ssd,6,beegfs,12,2.6623690286051214
run_idfeature,run_tracksingle,ssd,3,beegfs,12,2.688442909758274
run_idfeature,run_tracksingle,ssd,12,ssd,6,4.238096276699097
run_idfeature,run_tracksingle,ssd,12,tmpfs,12,4.239346896021011
run_idfeature,run_tracksingle,ssd,12,tmpfs,3,4.2399086413054405
run_idfeature,run_tracksingle,ssd,12,tmpfs,6,4.240320929865782
run_idfeature,run_tracksingle,ssd,12,ssd,3,4.24085065017081
run_idfeature,run_tracksingle,ssd,12,ssd,12,4.248074414429839
run_idfeature,run_tracksingle,ssd,12,beegfs,3,4.3532128893967075
run_idfeature,run_tracksingle,ssd,12,beegfs,6,4.363949372009744
run_idfeature,run_tracksingle,ssd,12,beegfs,12,4.443175654868069
run_idfeature,run_tracksingle,beegfs,3,ssd,6,9.65854228342191
run_idfeature,run_tracksingle,beegfs,3,tmpfs,12,9.659792902743824
run_idfeature,run_tracksingle,beegfs,3,tmpfs,3,9.660354648028253
run_idfeature,run_tracksingle,beegfs,3,tmpfs,6,9.660766936588596
run_idfeature,run_tracksingle,beegfs,3,ssd,3,9.661296656893622
run_idfeature,run_tracksingle,beegfs,3,ssd,12,9.668520421152653
run_idfeature,run_tracksingle,beegfs,3,beegfs,3,9.773658896119521
run_idfeature,run_tracksingle,beegfs,3,beegfs,6,9.784395378732558
run_idfeature,run_tracksingle,beegfs,3,beegfs,12,9.863621661590884
run_idfeature,run_tracksingle,beegfs,6,ssd,6,9.936688627780256
run_idfeature,run_tracksingle,beegfs,6,tmpfs,12,9.93793924710217
run_idfeature,run_tracksingle,beegfs,6,tmpfs,3,9.938500992386599
run_idfeature,run_tracksingle,beegfs,6,tmpfs,6,9.938913280946942
run_idfeature,run_tracksingle,beegfs,6,ssd,3,9.939443001251968
run_idfeature,run_tracksingle,beegfs,6,ssd,12,9.946666765510999
run_idfeature,run_tracksingle,beegfs,6,beegfs,3,10.051805240477867
run_idfeature,run_tracksingle,beegfs,6,beegfs,6,10.062541723090904
run_idfeature,run_tracksingle,beegfs,6,beegfs,12,10.14176800594923
run_idfeature,run_tracksingle,beegfs,12,ssd,6,14.578830610943768
run_idfeature,run_tracksingle,beegfs,12,tmpfs,12,14.580081230265682
run_idfeature,run_tracksingle,beegfs,12,tmpfs,3,14.580642975550111
run_idfeature,run_tracksingle,beegfs,12,tmpfs,6,14.581055264110454
run_idfeature,run_tracksingle,beegfs,12,ssd,3,14.58158498441548
run_idfeature,run_tracksingle,beegfs,12,ssd,12,14.588808748674511
run_idfeature,run_tracksingle,beegfs,12,beegfs,3,14.693947223641379
run_idfeature,run_tracksingle,beegfs,12,beegfs,6,14.704683706254416
run_idfeature,run_tracksingle,beegfs,12,beegfs,12,14.783909989112741
run_idfeature,stage_out-run_idfeature,tmpfs,3,beegfs-ssd,30,9.798443667922854
run_idfeature,stage_out-run_idfeature,tmpfs,3,beegfs-ssd,8,9.929152357045217
run_idfeature,stage_out-run_idfeature,tmpfs,6,beegfs-ssd,30,9.977232126805758
run_idfeature,stage_out-run_idfeature,tmpfs,12,beegfs-ssd,30,10.063394810338918
run_idfeature,stage_out-run_idfeature,tmpfs,6,beegfs-ssd,8,10.10794081592812
run_idfeature,stage_out-run_idfeature,tmpfs,3,beegfs-ssd,15,10.175543363051986
run_idfeature,stage_out-run_idfeature,tmpfs,12,beegfs-ssd,8,10.194103499461281
run_idfeature,stage_out-run_idfeature,tmpfs,6,beegfs-ssd,15,10.35433182193489
run_idfeature,stage_out-run_idfeature,tmpfs,12,beegfs-ssd,15,10.44049450546805
run_idfeature,stage_out-run_idfeature,ssd,3,beegfs-ssd,30,11.824413652730076
run_idfeature,stage_out-run_idfeature,tmpfs,3,beegfs-tmpfs,8,11.846677830183058
run_idfeature,stage_out-run_idfeature,ssd,3,beegfs-ssd,8,11.955122341852437
run_idfeature,stage_out-run_idfeature,tmpfs,6,beegfs-tmpfs,8,12.025466289065962
run_idfeature,stage_out-run_idfeature,tmpfs,12,beegfs-tmpfs,8,12.111628972599123
run_idfeature,stage_out-run_idfeature,ssd,3,beegfs-ssd,15,12.201513347859208
run_idfeature,stage_out-run_idfeature,ssd,6,beegfs-ssd,30,12.4610624235317
run_idfeature,stage_out-run_idfeature,ssd,6,beegfs-ssd,8,12.591771112654063
run_idfeature,stage_out-run_idfeature,ssd,6,beegfs-ssd,15,12.838162118660833
run_idfeature,stage_out-run_idfeature,tmpfs,3,beegfs-tmpfs,15,13.329183378809056
run_idfeature,stage_out-run_idfeature,tmpfs,6,beegfs-tmpfs,15,13.50797183769196
run_idfeature,stage_out-run_idfeature,tmpfs,12,beegfs-tmpfs,15,13.59413452122512
run_idfeature,stage_out-run_idfeature,tmpfs,3,beegfs-ssd,2,13.852238192552246
run_idfeature,stage_out-run_idfeature,ssd,3,beegfs-tmpfs,8,13.87264781499028
run_idfeature,stage_out-run_idfeature,tmpfs,6,beegfs-ssd,2,14.03102665143515
run_idfeature,stage_out-run_idfeature,tmpfs,12,beegfs-ssd,2,14.11718933496831
run_idfeature,stage_out-run_idfeature,ssd,6,beegfs-tmpfs,8,14.509296585791905
run_idfeature,stage_out-run_idfeature,tmpfs,3,beegfs-ssd,5,14.748470896112371
run_idfeature,stage_out-run_idfeature,tmpfs,6,beegfs-ssd,5,14.927259354995275
run_idfeature,stage_out-run_idfeature,tmpfs,12,beegfs-ssd,5,15.013422038528436
run_idfeature,stage_out-run_idfeature,ssd,3,beegfs-tmpfs,15,15.355153363616278
run_idfeature,stage_out-run_idfeature,ssd,3,beegfs-ssd,2,15.878208177359468
run_idfeature,stage_out-run_idfeature,ssd,6,beegfs-tmpfs,15,15.991802134417902
run_idfeature,stage_out-run_idfeature,tmpfs,3,beegfs-ssd,3,16.33018237964929
run_idfeature,stage_out-run_idfeature,tmpfs,6,beegfs-ssd,3,16.508970838532196
run_idfeature,stage_out-run_idfeature,ssd,6,beegfs-ssd,2,16.514856948161093
run_idfeature,stage_out-run_idfeature,tmpfs,12,beegfs-ssd,3,16.595133522065357
run_idfeature,stage_out-run_idfeature,beegfs,3,beegfs-ssd,30,16.729795416069663
run_idfeature,stage_out-run_idfeature,ssd,12,beegfs-ssd,30,16.766304102699642
run_idfeature,stage_out-run_idfeature,ssd,3,beegfs-ssd,5,16.77444088091959
run_idfeature,stage_out-run_idfeature,beegfs,3,beegfs-ssd,8,16.860504105192028
run_idfeature,stage_out-run_idfeature,ssd,12,beegfs-ssd,8,16.897012791822007
run_idfeature,stage_out-run_idfeature,beegfs,6,beegfs-ssd,30,16.964874673199112
run_idfeature,stage_out-run_idfeature,beegfs,6,beegfs-ssd,8,17.095583362321477
run_idfeature,stage_out-run_idfeature,beegfs,3,beegfs-ssd,15,17.106895111198796
run_idfeature,stage_out-run_idfeature,ssd,12,beegfs-ssd,15,17.143403797828775
run_idfeature,stage_out-run_idfeature,beegfs,6,beegfs-ssd,15,17.341974368328245
run_idfeature,stage_out-run_idfeature,ssd,6,beegfs-ssd,5,17.41108965172122
run_idfeature,stage_out-run_idfeature,ssd,3,beegfs-ssd,3,18.356152364456513
run_idfeature,stage_out-run_idfeature,beegfs,3,beegfs-tmpfs,8,18.778029578329868
run_idfeature,stage_out-run_idfeature,ssd,12,beegfs-tmpfs,8,18.814538264959847
run_idfeature,stage_out-run_idfeature,ssd,6,beegfs-ssd,3,18.99280113525814
run_idfeature,stage_out-run_idfeature,beegfs,6,beegfs-tmpfs,8,19.013108835459317
run_idfeature,stage_out-run_idfeature,tmpfs,3,beegfs-tmpfs,3,19.28090345834506
run_idfeature,stage_out-run_idfeature,tmpfs,6,beegfs-tmpfs,3,19.459691917227964
run_idfeature,stage_out-run_idfeature,tmpfs,12,beegfs-tmpfs,3,19.545854600761125
run_idfeature,stage_out-run_idfeature,beegfs,3,beegfs-tmpfs,15,20.260535126955865
run_idfeature,stage_out-run_idfeature,ssd,12,beegfs-tmpfs,15,20.297043813585844
run_idfeature,stage_out-run_idfeature,beegfs,6,beegfs-tmpfs,15,20.495614384085314
run_idfeature,stage_out-run_idfeature,beegfs,3,beegfs-ssd,2,20.783589940699056
run_idfeature,stage_out-run_idfeature,ssd,12,beegfs-ssd,2,20.820098627329035
run_idfeature,stage_out-run_idfeature,beegfs,6,beegfs-ssd,2,21.018669197828505
run_idfeature,stage_out-run_idfeature,beegfs,12,beegfs-ssd,30,21.11596129422368
run_idfeature,stage_out-run_idfeature,beegfs,12,beegfs-ssd,8,21.246669983346045
run_idfeature,stage_out-run_idfeature,ssd,3,beegfs-tmpfs,3,21.30687344315228
run_idfeature,stage_out-run_idfeature,beegfs,12,beegfs-ssd,15,21.493060989352813
run_idfeature,stage_out-run_idfeature,beegfs,3,beegfs-ssd,5,21.679822644259183
run_idfeature,stage_out-run_idfeature,ssd,12,beegfs-ssd,5,21.71633133088916
run_idfeature,stage_out-run_idfeature,beegfs,6,beegfs-ssd,5,21.91490190138863
run_idfeature,stage_out-run_idfeature,ssd,6,beegfs-tmpfs,3,21.943522213953905
run_idfeature,stage_out-run_idfeature,beegfs,12,beegfs-tmpfs,8,23.16419545648389
run_idfeature,stage_out-run_idfeature,beegfs,3,beegfs-ssd,3,23.261534127796104
run_idfeature,stage_out-run_idfeature,ssd,12,beegfs-ssd,3,23.298042814426083
run_idfeature,stage_out-run_idfeature,beegfs,6,beegfs-ssd,3,23.496613384925553
run_idfeature,stage_out-run_idfeature,beegfs,12,beegfs-tmpfs,15,24.646701005109882
run_idfeature,stage_out-run_idfeature,beegfs,12,beegfs-ssd,2,25.169755818853076
run_idfeature,stage_out-run_idfeature,beegfs,12,beegfs-ssd,5,26.0659885224132
run_idfeature,stage_out-run_idfeature,beegfs,3,beegfs-tmpfs,3,26.212255206491868
run_idfeature,stage_out-run_idfeature,ssd,12,beegfs-tmpfs,3,26.248763893121847
run_idfeature,stage_out-run_idfeature,beegfs,6,beegfs-tmpfs,3,26.447334463621317
run_idfeature,stage_out-run_idfeature,tmpfs,3,beegfs-tmpfs,2,26.884578252403564
run_idfeature,stage_out-run_idfeature,tmpfs,6,beegfs-tmpfs,2,27.06336671128647
run_idfeature,stage_out-run_idfeature,tmpfs,12,beegfs-tmpfs,2,27.14952939481963
run_idfeature,stage_out-run_idfeature,beegfs,12,beegfs-ssd,3,27.64770000595012
run_idfeature,stage_out-run_idfeature,ssd,3,beegfs-tmpfs,2,28.910548237210786
run_idfeature,stage_out-run_idfeature,ssd,6,beegfs-tmpfs,2,29.54719700801241
run_idfeature,stage_out-run_idfeature,beegfs,12,beegfs-tmpfs,3,30.59842108464589
run_idfeature,stage_out-run_idfeature,beegfs,3,beegfs-tmpfs,2,33.815930000550374
run_idfeature,stage_out-run_idfeature,ssd,12,beegfs-tmpfs,2,33.85243868718035
run_idfeature,stage_out-run_idfeature,beegfs,6,beegfs-tmpfs,2,34.05100925767982
run_idfeature,stage_out-run_idfeature,beegfs,12,beegfs-tmpfs,2,38.2020958787044
run_idfeature,stage_out-run_idfeature,tmpfs,3,beegfs-tmpfs,30,68.46981252887343
run_idfeature,stage_out-run_idfeature,tmpfs,6,beegfs-tmpfs,30,68.64860098775634
run_idfeature,stage_out-run_idfeature,tmpfs,12,beegfs-tmpfs,30,68.7347636712895
run_idfeature,stage_out-run_idfeature,ssd,3,beegfs-tmpfs,30,70.49578251368065
run_idfeature,stage_out-run_idfeature,ssd,6,beegfs-tmpfs,30,71.13243128448228
run_idfeature,stage_out-run_idfeature,beegfs,3,beegfs-tmpfs,30,75.40116427702024
run_idfeature,stage_out-run_idfeature,ssd,12,beegfs-tmpfs,30,75.43767296365021
run_idfeature,stage_out-run_idfeature,beegfs,6,beegfs-tmpfs,30,75.63624353414968
run_idfeature,stage_out-run_idfeature,tmpfs,3,ssd-ssd,8,78.23519438112578
run_idfeature,stage_out-run_idfeature,tmpfs,3,tmpfs-tmpfs,2,78.32741833123693
run_idfeature,stage_out-run_idfeature,tmpfs,6,ssd-ssd,8,78.41398284000869
run_idfeature,stage_out-run_idfeature,tmpfs,12,ssd-ssd,8,78.50014552354185
run_idfeature,stage_out-run_idfeature,tmpfs,6,tmpfs-tmpfs,2,78.50620679011983
run_idfeature,stage_out-run_idfeature,tmpfs,12,tmpfs-tmpfs,2,78.592369473653
run_idfeature,stage_out-run_idfeature,tmpfs,3,ssd-ssd,2,78.65820591657648
run_idfeature,stage_out-run_idfeature,tmpfs,6,ssd-ssd,2,78.83699437545938
run_idfeature,stage_out-run_idfeature,tmpfs,3,tmpfs-tmpfs,8,78.88737885223135
run_idfeature,stage_out-run_idfeature,tmpfs,12,ssd-ssd,2,78.92315705899254
run_idfeature,stage_out-run_idfeature,tmpfs,3,tmpfs-tmpfs,3,78.96103251759463
run_idfeature,stage_out-run_idfeature,tmpfs,6,tmpfs-tmpfs,8,79.06616731111426
run_idfeature,stage_out-run_idfeature,tmpfs,6,tmpfs-tmpfs,3,79.13982097647754
run_idfeature,stage_out-run_idfeature,tmpfs,12,tmpfs-tmpfs,8,79.15232999464742
run_idfeature,stage_out-run_idfeature,tmpfs,12,tmpfs-tmpfs,3,79.2259836600107
run_idfeature,stage_out-run_idfeature,tmpfs,3,tmpfs-tmpfs,15,79.62755339194639
run_idfeature,stage_out-run_idfeature,beegfs,12,beegfs-tmpfs,30,79.78733015517426
run_idfeature,stage_out-run_idfeature,tmpfs,6,tmpfs-tmpfs,15,79.8063418508293
run_idfeature,stage_out-run_idfeature,tmpfs,3,ssd-ssd,3,79.86150752781042
run_idfeature,stage_out-run_idfeature,tmpfs,12,tmpfs-tmpfs,15,79.89250453436246
run_idfeature,stage_out-run_idfeature,tmpfs,3,ssd-ssd,5,80.01399042412422
run_idfeature,stage_out-run_idfeature,tmpfs,6,ssd-ssd,3,80.04029598669332
run_idfeature,stage_out-run_idfeature,tmpfs,12,ssd-ssd,3,80.12645867022648
run_idfeature,stage_out-run_idfeature,tmpfs,6,ssd-ssd,5,80.19277888300712
run_idfeature,stage_out-run_idfeature,ssd,3,ssd-ssd,8,80.261164365933
run_idfeature,stage_out-run_idfeature,tmpfs,12,ssd-ssd,5,80.27894156654028
run_idfeature,stage_out-run_idfeature,tmpfs,3,ssd-ssd,15,80.30909119356131
run_idfeature,stage_out-run_idfeature,ssd,3,tmpfs-tmpfs,2,80.35338831604415
run_idfeature,stage_out-run_idfeature,tmpfs,3,tmpfs-tmpfs,5,80.36689054818031
run_idfeature,stage_out-run_idfeature,tmpfs,6,ssd-ssd,15,80.48787965244422
run_idfeature,stage_out-run_idfeature,tmpfs,6,tmpfs-tmpfs,5,80.54567900706321
run_idfeature,stage_out-run_idfeature,tmpfs,12,ssd-ssd,15,80.57404233597738
run_idfeature,stage_out-run_idfeature,tmpfs,12,tmpfs-tmpfs,5,80.63184169059637
run_idfeature,stage_out-run_idfeature,ssd,3,ssd-ssd,2,80.6841759013837
run_idfeature,stage_out-run_idfeature,ssd,6,ssd-ssd,8,80.89781313673463
run_idfeature,stage_out-run_idfeature,ssd,3,tmpfs-tmpfs,8,80.91334883703857
run_idfeature,stage_out-run_idfeature,ssd,3,tmpfs-tmpfs,3,80.98700250240185
run_idfeature,stage_out-run_idfeature,ssd,6,tmpfs-tmpfs,2,80.99003708684577
run_idfeature,stage_out-run_idfeature,ssd,6,ssd-ssd,2,81.32082467218532
run_idfeature,stage_out-run_idfeature,ssd,6,tmpfs-tmpfs,8,81.5499976078402
run_idfeature,stage_out-run_idfeature,ssd,6,tmpfs-tmpfs,3,81.62365127320348
run_idfeature,stage_out-run_idfeature,ssd,3,tmpfs-tmpfs,15,81.65352337675361
run_idfeature,stage_out-run_idfeature,tmpfs,3,ssd-ssd,30,81.81692763843704
run_idfeature,stage_out-run_idfeature,ssd,3,ssd-ssd,3,81.88747751261764
run_idfeature,stage_out-run_idfeature,tmpfs,6,ssd-ssd,30,81.99571609731994
run_idfeature,stage_out-run_idfeature,ssd,3,ssd-ssd,5,82.03996040893144
run_idfeature,stage_out-run_idfeature,tmpfs,12,ssd-ssd,30,82.0818787808531
run_idfeature,stage_out-run_idfeature,ssd,6,tmpfs-tmpfs,15,82.29017214755524
run_idfeature,stage_out-run_idfeature,ssd,3,ssd-ssd,15,82.33506117836853
run_idfeature,stage_out-run_idfeature,ssd,3,tmpfs-tmpfs,5,82.39286053298753
run_idfeature,stage_out-run_idfeature,ssd,6,ssd-ssd,3,82.52412628341926
run_idfeature,stage_out-run_idfeature,ssd,6,ssd-ssd,5,82.67660917973306
run_idfeature,stage_out-run_idfeature,ssd,6,ssd-ssd,15,82.97170994917016
run_idfeature,stage_out-run_idfeature,ssd,6,tmpfs-tmpfs,5,83.02950930378915
run_idfeature,stage_out-run_idfeature,tmpfs,3,tmpfs-tmpfs,30,83.7010052823764
run_idfeature,stage_out-run_idfeature,ssd,3,ssd-ssd,30,83.84289762324426
run_idfeature,stage_out-run_idfeature,tmpfs,6,tmpfs-tmpfs,30,83.8797937412593
run_idfeature,stage_out-run_idfeature,tmpfs,12,tmpfs-tmpfs,30,83.96595642479247
run_idfeature,stage_out-run_idfeature,ssd,6,ssd-ssd,30,84.47954639404588
run_idfeature,stage_out-run_idfeature,beegfs,3,ssd-ssd,8,85.16654612927259
run_idfeature,stage_out-run_idfeature,ssd,12,ssd-ssd,8,85.20305481590256
run_idfeature,stage_out-run_idfeature,beegfs,3,tmpfs-tmpfs,2,85.25877007938374
run_idfeature,stage_out-run_idfeature,ssd,12,tmpfs-tmpfs,2,85.29527876601371
run_idfeature,stage_out-run_idfeature,beegfs,6,ssd-ssd,8,85.40162538640203
run_idfeature,stage_out-run_idfeature,beegfs,6,tmpfs-tmpfs,2,85.49384933651318
run_idfeature,stage_out-run_idfeature,beegfs,3,ssd-ssd,2,85.58955766472329
run_idfeature,stage_out-run_idfeature,ssd,12,ssd-ssd,2,85.62606635135326
run_idfeature,stage_out-run_idfeature,ssd,3,tmpfs-tmpfs,30,85.72697526718362
run_idfeature,stage_out-run_idfeature,beegfs,3,tmpfs-tmpfs,8,85.81873060037816
run_idfeature,stage_out-run_idfeature,beegfs,6,ssd-ssd,2,85.82463692185273
run_idfeature,stage_out-run_idfeature,ssd,12,tmpfs-tmpfs,8,85.85523928700813
run_idfeature,stage_out-run_idfeature,beegfs,3,tmpfs-tmpfs,3,85.89238426574144
run_idfeature,stage_out-run_idfeature,ssd,12,tmpfs-tmpfs,3,85.92889295237141
run_idfeature,stage_out-run_idfeature,beegfs,6,tmpfs-tmpfs,8,86.0538098575076
run_idfeature,stage_out-run_idfeature,beegfs,6,tmpfs-tmpfs,3,86.12746352287088
run_idfeature,stage_out-run_idfeature,ssd,6,tmpfs-tmpfs,30,86.36362403798525
run_idfeature,stage_out-run_idfeature,beegfs,3,tmpfs-tmpfs,15,86.5589051400932
run_idfeature,stage_out-run_idfeature,ssd,12,tmpfs-tmpfs,15,86.59541382672317
run_idfeature,stage_out-run_idfeature,beegfs,3,ssd-ssd,3,86.79285927595723
run_idfeature,stage_out-run_idfeature,beegfs,6,tmpfs-tmpfs,15,86.79398439722264
run_idfeature,stage_out-run_idfeature,ssd,12,ssd-ssd,3,86.8293679625872
run_idfeature,stage_out-run_idfeature,beegfs,3,ssd-ssd,5,86.94534217227103
run_idfeature,stage_out-run_idfeature,ssd,12,ssd-ssd,5,86.981850858901
run_idfeature,stage_out-run_idfeature,beegfs,6,ssd-ssd,3,87.02793853308667
run_idfeature,stage_out-run_idfeature,beegfs,6,ssd-ssd,5,87.18042142940047
run_idfeature,stage_out-run_idfeature,beegfs,3,ssd-ssd,15,87.24044294170812
run_idfeature,stage_out-run_idfeature,ssd,12,ssd-ssd,15,87.2769516283381
run_idfeature,stage_out-run_idfeature,beegfs,3,tmpfs-tmpfs,5,87.29824229632712
run_idfeature,stage_out-run_idfeature,ssd,12,tmpfs-tmpfs,5,87.33475098295709
run_idfeature,stage_out-run_idfeature,beegfs,6,ssd-ssd,15,87.47552219883757
run_idfeature,stage_out-run_idfeature,beegfs,6,tmpfs-tmpfs,5,87.53332155345656
run_idfeature,stage_out-run_idfeature,beegfs,3,ssd-ssd,30,88.74827938658385
run_idfeature,stage_out-run_idfeature,ssd,12,ssd-ssd,30,88.78478807321382
run_idfeature,stage_out-run_idfeature,beegfs,6,ssd-ssd,30,88.98335864371329
run_idfeature,stage_out-run_idfeature,beegfs,12,ssd-ssd,8,89.5527120074266
run_idfeature,stage_out-run_idfeature,beegfs,12,tmpfs-tmpfs,2,89.64493595753775
run_idfeature,stage_out-run_idfeature,beegfs,12,ssd-ssd,2,89.9757235428773
run_idfeature,stage_out-run_idfeature,beegfs,12,tmpfs-tmpfs,8,90.20489647853218
run_idfeature,stage_out-run_idfeature,beegfs,12,tmpfs-tmpfs,3,90.27855014389546
run_idfeature,stage_out-run_idfeature,beegfs,3,tmpfs-tmpfs,30,90.63235703052321
run_idfeature,stage_out-run_idfeature,ssd,12,tmpfs-tmpfs,30,90.66886571715318
run_idfeature,stage_out-run_idfeature,beegfs,6,tmpfs-tmpfs,30,90.86743628765265
run_idfeature,stage_out-run_idfeature,beegfs,12,tmpfs-tmpfs,15,90.94507101824722
run_idfeature,stage_out-run_idfeature,beegfs,12,ssd-ssd,3,91.17902515411124
run_idfeature,stage_out-run_idfeature,beegfs,12,ssd-ssd,5,91.33150805042504
run_idfeature,stage_out-run_idfeature,beegfs,12,ssd-ssd,15,91.62660881986214
run_idfeature,stage_out-run_idfeature,beegfs,12,tmpfs-tmpfs,5,91.68440817448113
run_idfeature,stage_out-run_idfeature,beegfs,12,ssd-ssd,30,93.13444526473786
run_idfeature,stage_out-run_idfeature,beegfs,12,tmpfs-tmpfs,30,95.01852290867723
run_idfeature,stage_out-run_idfeature,tmpfs,3,beegfs-tmpfs,5,254.3583259504276
run_idfeature,stage_out-run_idfeature,tmpfs,6,beegfs-tmpfs,5,254.5371144093105
run_idfeature,stage_out-run_idfeature,tmpfs,12,beegfs-tmpfs,5,254.62327709284367
run_idfeature,stage_out-run_idfeature,ssd,3,beegfs-tmpfs,5,256.38429593523483
run_idfeature,stage_out-run_idfeature,ssd,6,beegfs-tmpfs,5,257.02094470603646
run_idfeature,stage_out-run_idfeature,beegfs,3,beegfs-tmpfs,5,261.2896776985744
run_idfeature,stage_out-run_idfeature,ssd,12,beegfs-tmpfs,5,261.3261863852044
run_idfeature,stage_out-run_idfeature,beegfs,6,beegfs-tmpfs,5,261.5247569557039
run_idfeature,stage_out-run_idfeature,beegfs,12,beegfs-tmpfs,5,265.6758435767284
run_tracksingle,stage_out-run_tracksingle,tmpfs,3,beegfs-ssd,4,0.41467274806438986
run_tracksingle,stage_out-run_tracksingle,tmpfs,6,beegfs-ssd,4,0.4171276687622283
run_tracksingle,stage_out-run_tracksingle,tmpfs,12,beegfs-ssd,4,0.4212305250020389
run_tracksingle,stage_out-run_tracksingle,tmpfs,3,beegfs-ssd,2,0.43027556321298394
run_tracksingle,stage_out-run_tracksingle,tmpfs,6,beegfs-ssd,2,0.43273048391082236
run_tracksingle,stage_out-run_tracksingle,tmpfs,12,beegfs-ssd,2,0.43683334015063296
run_tracksingle,stage_out-run_tracksingle,tmpfs,3,beegfs-tmpfs,2,0.45810394240857083
run_tracksingle,stage_out-run_tracksingle,tmpfs,6,beegfs-tmpfs,2,0.46055886310640926
run_tracksingle,stage_out-run_tracksingle,tmpfs,3,beegfs-ssd,1,0.46391642371486796
run_tracksingle,stage_out-run_tracksingle,tmpfs,12,beegfs-tmpfs,2,0.46466171934621986
run_tracksingle,stage_out-run_tracksingle,tmpfs,6,beegfs-ssd,1,0.4663713444127064
run_tracksingle,stage_out-run_tracksingle,tmpfs,12,beegfs-ssd,1,0.470474200652517
run_tracksingle,stage_out-run_tracksingle,tmpfs,3,beegfs-tmpfs,1,0.5158515245165787
run_tracksingle,stage_out-run_tracksingle,tmpfs,6,beegfs-tmpfs,1,0.518306445214417
run_tracksingle,stage_out-run_tracksingle,tmpfs,12,beegfs-tmpfs,1,0.5224093014542277
run_tracksingle,stage_out-run_tracksingle,beegfs,3,beegfs-ssd,4,0.5687842045176272
run_tracksingle,stage_out-run_tracksingle,beegfs,3,beegfs-ssd,2,0.5843870196662213
run_tracksingle,stage_out-run_tracksingle,beegfs,6,beegfs-ssd,4,0.5863960958999862
run_tracksingle,stage_out-run_tracksingle,beegfs,6,beegfs-ssd,2,0.6019989110485803
run_tracksingle,stage_out-run_tracksingle,beegfs,3,beegfs-tmpfs,2,0.6122153988618082
run_tracksingle,stage_out-run_tracksingle,beegfs,3,beegfs-ssd,1,0.6180278801681053
run_tracksingle,stage_out-run_tracksingle,beegfs,6,beegfs-tmpfs,2,0.6298272902441672
run_tracksingle,stage_out-run_tracksingle,beegfs,6,beegfs-ssd,1,0.6356397715504644
run_tracksingle,stage_out-run_tracksingle,beegfs,3,beegfs-tmpfs,1,0.669962980969816
run_tracksingle,stage_out-run_tracksingle,beegfs,6,beegfs-tmpfs,1,0.6875748723521751
run_tracksingle,stage_out-run_tracksingle,beegfs,12,beegfs-ssd,4,0.7217708766459986
run_tracksingle,stage_out-run_tracksingle,ssd,3,beegfs-ssd,4,0.725716690925349
run_tracksingle,stage_out-run_tracksingle,beegfs,12,beegfs-ssd,2,0.7373736917945927
run_tracksingle,stage_out-run_tracksingle,ssd,3,beegfs-ssd,2,0.741319506073943
run_tracksingle,stage_out-run_tracksingle,beegfs,12,beegfs-tmpfs,2,0.7652020709901796
run_tracksingle,stage_out-run_tracksingle,ssd,3,beegfs-tmpfs,2,0.7691478852695299
run_tracksingle,stage_out-run_tracksingle,beegfs,12,beegfs-ssd,1,0.7710145522964766
run_tracksingle,stage_out-run_tracksingle,ssd,3,beegfs-ssd,1,0.7749603665758271
run_tracksingle,stage_out-run_tracksingle,ssd,6,beegfs-ssd,4,0.8111659369358976
run_tracksingle,stage_out-run_tracksingle,beegfs,12,beegfs-tmpfs,1,0.8229496530981875
run_tracksingle,stage_out-run_tracksingle,ssd,6,beegfs-ssd,2,0.8267687520844916
run_tracksingle,stage_out-run_tracksingle,ssd,3,beegfs-tmpfs,1,0.8268954673775378
run_tracksingle,stage_out-run_tracksingle,ssd,6,beegfs-tmpfs,2,0.8545971312800785
run_tracksingle,stage_out-run_tracksingle,ssd,6,beegfs-ssd,1,0.8604096125863756
run_tracksingle,stage_out-run_tracksingle,ssd,6,beegfs-tmpfs,1,0.9123447133880864
run_tracksingle,stage_out-run_tracksingle,ssd,12,beegfs-ssd,4,1.263269379903266
run_tracksingle,stage_out-run_tracksingle,ssd,12,beegfs-ssd,2,1.2788721950518602
run_tracksingle,stage_out-run_tracksingle,ssd,12,beegfs-tmpfs,2,1.3067005742474471
run_tracksingle,stage_out-run_tracksingle,ssd,12,beegfs-ssd,1,1.312513055553744
run_tracksingle,stage_out-run_tracksingle,ssd,12,beegfs-tmpfs,1,1.364448156355455
run_tracksingle,stage_out-run_tracksingle,tmpfs,3,beegfs-tmpfs,4,5.90776051632302
run_tracksingle,stage_out-run_tracksingle,tmpfs,6,beegfs-tmpfs,4,5.910215437020859
run_tracksingle,stage_out-run_tracksingle,tmpfs,12,beegfs-tmpfs,4,5.914318293260669
run_tracksingle,stage_out-run_tracksingle,beegfs,3,beegfs-tmpfs,4,6.061871972776257
run_tracksingle,stage_out-run_tracksingle,beegfs,6,beegfs-tmpfs,4,6.079483864158616
run_tracksingle,stage_out-run_tracksingle,beegfs,12,beegfs-tmpfs,4,6.214858644904629
run_tracksingle,stage_out-run_tracksingle,ssd,3,beegfs-tmpfs,4,6.218804459183979
run_tracksingle,stage_out-run_tracksingle,ssd,6,beegfs-tmpfs,4,6.304253705194528
run_tracksingle,stage_out-run_tracksingle,ssd,12,beegfs-tmpfs,4,6.7563571481618965
run_tracksingle,stage_out-run_tracksingle,tmpfs,3,tmpfs-tmpfs,1,7.287179742609677
run_tracksingle,stage_out-run_tracksingle,tmpfs,6,tmpfs-tmpfs,1,7.289634663307516
run_tracksingle,stage_out-run_tracksingle,tmpfs,12,tmpfs-tmpfs,1,7.293737519547326
run_tracksingle,stage_out-run_tracksingle,tmpfs,3,ssd-ssd,1,7.315721659865218
run_tracksingle,stage_out-run_tracksingle,tmpfs,6,ssd-ssd,1,7.318176580563057
run_tracksingle,stage_out-run_tracksingle,tmpfs,12,ssd-ssd,1,7.322279436802868
run_tracksingle,stage_out-run_tracksingle,beegfs,3,tmpfs-tmpfs,1,7.441291199062914
run_tracksingle,stage_out-run_tracksingle,beegfs,6,tmpfs-tmpfs,1,7.458903090445274
run_tracksingle,stage_out-run_tracksingle,beegfs,3,ssd-ssd,1,7.469833116318456
run_tracksingle,stage_out-run_tracksingle,beegfs,6,ssd-ssd,1,7.487445007700815
run_tracksingle,stage_out-run_tracksingle,tmpfs,3,tmpfs-tmpfs,2,7.5805814011218615
run_tracksingle,stage_out-run_tracksingle,tmpfs,6,tmpfs-tmpfs,2,7.5830363218197006
run_tracksingle,stage_out-run_tracksingle,tmpfs,12,tmpfs-tmpfs,2,7.587139178059511
run_tracksingle,stage_out-run_tracksingle,beegfs,12,tmpfs-tmpfs,1,7.594277871191286
run_tracksingle,stage_out-run_tracksingle,ssd,3,tmpfs-tmpfs,1,7.598223685470637
run_tracksingle,stage_out-run_tracksingle,beegfs,12,ssd-ssd,1,7.622819788446828
run_tracksingle,stage_out-run_tracksingle,ssd,3,ssd-ssd,1,7.626765602726178
run_tracksingle,stage_out-run_tracksingle,ssd,6,tmpfs-tmpfs,1,7.683672931481185
run_tracksingle,stage_out-run_tracksingle,tmpfs,3,tmpfs-tmpfs,4,7.696902430454865
run_tracksingle,stage_out-run_tracksingle,tmpfs,6,tmpfs-tmpfs,4,7.699357351152704
run_tracksingle,stage_out-run_tracksingle,tmpfs,12,tmpfs-tmpfs,4,7.7034602073925145
run_tracksingle,stage_out-run_tracksingle,ssd,6,ssd-ssd,1,7.712214848736727
run_tracksingle,stage_out-run_tracksingle,tmpfs,3,ssd-ssd,2,7.720333521868397
run_tracksingle,stage_out-run_tracksingle,tmpfs,6,ssd-ssd,2,7.722788442566236
run_tracksingle,stage_out-run_tracksingle,tmpfs,12,ssd-ssd,2,7.726891298806046
run_tracksingle,stage_out-run_tracksingle,beegfs,3,tmpfs-tmpfs,2,7.734692857575099
run_tracksingle,stage_out-run_tracksingle,beegfs,6,tmpfs-tmpfs,2,7.752304748957458
run_tracksingle,stage_out-run_tracksingle,tmpfs,3,ssd-ssd,4,7.785690869411966
run_tracksingle,stage_out-run_tracksingle,tmpfs,6,ssd-ssd,4,7.788145790109805
run_tracksingle,stage_out-run_tracksingle,tmpfs,12,ssd-ssd,4,7.7922486463496154
run_tracksingle,stage_out-run_tracksingle,beegfs,3,tmpfs-tmpfs,4,7.8510138869081025
run_tracksingle,stage_out-run_tracksingle,beegfs,6,tmpfs-tmpfs,4,7.868625778290462
run_tracksingle,stage_out-run_tracksingle,beegfs,3,ssd-ssd,2,7.874444978321634
run_tracksingle,stage_out-run_tracksingle,beegfs,12,tmpfs-tmpfs,2,7.887679529703471
run_tracksingle,stage_out-run_tracksingle,ssd,3,tmpfs-tmpfs,2,7.891625343982821
run_tracksingle,stage_out-run_tracksingle,beegfs,6,ssd-ssd,2,7.8920568697039934
run_tracksingle,stage_out-run_tracksingle,beegfs,3,ssd-ssd,4,7.9398023258652035
run_tracksingle,stage_out-run_tracksingle,beegfs,6,ssd-ssd,4,7.957414217247563
run_tracksingle,stage_out-run_tracksingle,ssd,6,tmpfs-tmpfs,2,7.97707458999337
run_tracksingle,stage_out-run_tracksingle,beegfs,12,tmpfs-tmpfs,4,8.004000559036474
run_tracksingle,stage_out-run_tracksingle,ssd,3,tmpfs-tmpfs,4,8.007946373315825
run_tracksingle,stage_out-run_tracksingle,beegfs,12,ssd-ssd,2,8.027431650450005
run_tracksingle,stage_out-run_tracksingle,ssd,3,ssd-ssd,2,8.031377464729356
run_tracksingle,stage_out-run_tracksingle,beegfs,12,ssd-ssd,4,8.092788997993575
run_tracksingle,stage_out-run_tracksingle,ssd,6,tmpfs-tmpfs,4,8.093395619326373
run_tracksingle,stage_out-run_tracksingle,ssd,3,ssd-ssd,4,8.096734812272926
run_tracksingle,stage_out-run_tracksingle,ssd,6,ssd-ssd,2,8.116826710739904
run_tracksingle,stage_out-run_tracksingle,ssd,12,tmpfs-tmpfs,1,8.135776374448554
run_tracksingle,stage_out-run_tracksingle,ssd,12,ssd-ssd,1,8.164318291704095
run_tracksingle,stage_out-run_tracksingle,ssd,6,ssd-ssd,4,8.182184058283474
run_tracksingle,stage_out-run_tracksingle,ssd,12,tmpfs-tmpfs,2,8.429178032960738
run_tracksingle,stage_out-run_tracksingle,ssd,12,tmpfs-tmpfs,4,8.545499062293741
run_tracksingle,stage_out-run_tracksingle,ssd,12,ssd-ssd,2,8.568930153707273
run_tracksingle,stage_out-run_tracksingle,ssd,12,ssd-ssd,4,8.634287501250842
stage_in-run_idfeature,run_idfeature,beegfs-tmpfs,9,ssd,6,1.4025408253918055
stage_in-run_idfeature,run_idfeature,beegfs,41,ssd,6,1.4025408253918055
stage_in-run_idfeature,run_idfeature,ssd-ssd,21,ssd,6,1.4025408253918055
stage_in-run_idfeature,run_idfeature,beegfs-ssd,9,ssd,6,1.4025408253918055
stage_in-run_idfeature,run_idfeature,beegfs-tmpfs,21,ssd,6,1.4025408253918055
stage_in-run_idfeature,run_idfeature,ssd-ssd,6,ssd,6,1.4025408253918055
stage_in-run_idfeature,run_idfeature,tmpfs-tmpfs,10,ssd,6,1.4025408253918055
stage_in-run_idfeature,run_idfeature,beegfs-ssd,22,ssd,6,1.4025408253918055
stage_in-run_idfeature,run_idfeature,ssd-ssd,11,ssd,6,1.4025408253918055
stage_in-run_idfeature,run_idfeature,beegfs-tmpfs,11,ssd,6,1.4025408253918055
stage_in-run_idfeature,run_idfeature,beegfs-tmpfs,6,ssd,6,1.4025408253918055
stage_in-run_idfeature,run_idfeature,tmpfs-tmpfs,21,ssd,6,1.4025408253918055
stage_in-run_idfeature,run_idfeature,ssd-ssd,3,ssd,6,1.4025408253918055
stage_in-run_idfeature,run_idfeature,beegfs-tmpfs,22,ssd,6,1.4025408253918055
stage_in-run_idfeature,run_idfeature,tmpfs-tmpfs,11,ssd,6,1.4025408253918055
stage_in-run_idfeature,run_idfeature,tmpfs-tmpfs,9,ssd,6,1.4025408253918055
stage_in-run_idfeature,run_idfeature,beegfs,44,ssd,6,1.4025408253918055
stage_in-run_idfeature,run_idfeature,tmpfs-tmpfs,5,ssd,6,1.4025408253918055
stage_in-run_idfeature,run_idfeature,tmpfs-tmpfs,22,ssd,6,1.4025408253918055
stage_in-run_idfeature,run_idfeature,beegfs,12,ssd,6,1.4025408253918055
stage_in-run_idfeature,run_idfeature,tmpfs-tmpfs,20,ssd,6,1.4025408253918055
stage_in-run_idfeature,run_idfeature,ssd-ssd,20,ssd,6,1.4025408253918055
stage_in-run_idfeature,run_idfeature,tmpfs-tmpfs,3,ssd,6,1.4025408253918055
stage_in-run_idfeature,run_idfeature,ssd-ssd,9,ssd,6,1.4025408253918055
stage_in-run_idfeature,run_idfeature,tmpfs-tmpfs,6,ssd,6,1.4025408253918055
stage_in-run_idfeature,run_idfeature,beegfs-ssd,21,ssd,6,1.4025408253918055
stage_in-run_idfeature,run_idfeature,ssd-ssd,10,ssd,6,1.4025408253918055
stage_in-run_idfeature,run_idfeature,beegfs,39,ssd,6,1.4025408253918055
stage_in-run_idfeature,run_idfeature,ssd-ssd,19,ssd,6,1.4025408253918055
stage_in-run_idfeature,run_idfeature,beegfs,60,ssd,6,1.4025408253918055
stage_in-run_idfeature,run_idfeature,tmpfs-tmpfs,19,ssd,6,1.4025408253918055
stage_in-run_idfeature,run_idfeature,beegfs,8,ssd,6,1.4025408253918055
stage_in-run_idfeature,run_idfeature,beegfs,3,ssd,6,1.4025408253918055
stage_in-run_idfeature,run_idfeature,beegfs,6,ssd,6,1.4025408253918055
stage_in-run_idfeature,run_idfeature,ssd-ssd,22,ssd,6,1.4025408253918055
stage_in-run_idfeature,run_idfeature,beegfs-ssd,6,ssd,6,1.4025408253918055
stage_in-run_idfeature,run_idfeature,beegfs,42,ssd,6,1.4025408253918055
stage_in-run_idfeature,run_idfeature,beegfs,37,ssd,6,1.4025408253918055
stage_in-run_idfeature,run_idfeature,beegfs-ssd,11,ssd,6,1.4025408253918055
stage_in-run_idfeature,run_idfeature,beegfs,18,ssd,6,1.4025408253918055
stage_in-run_idfeature,run_idfeature,beegfs,52,ssd,6,1.4025408253918055
stage_in-run_idfeature,run_idfeature,ssd-ssd,5,ssd,6,1.4025408253918055
stage_in-run_idfeature,run_idfeature,beegfs,9,ssd,6,1.4025408253918055
stage_in-run_idfeature,run_idfeature,beegfs,38,ssd,6,1.4025408253918055
stage_in-run_idfeature,run_idfeature,ssd-ssd,10,ssd,12,1.7795609606421983
stage_in-run_idfeature,run_idfeature,beegfs-ssd,11,ssd,12,1.7795609606421983
stage_in-run_idfeature,run_idfeature,ssd-ssd,3,ssd,12,1.7795609606421983
stage_in-run_idfeature,run_idfeature,tmpfs-tmpfs,10,ssd,12,1.7795609606421983
stage_in-run_idfeature,run_idfeature,ssd-ssd,5,ssd,12,1.7795609606421983
stage_in-run_idfeature,run_idfeature,ssd-ssd,19,ssd,12,1.7795609606421983
stage_in-run_idfeature,run_idfeature,beegfs,38,ssd,12,1.7795609606421983
stage_in-run_idfeature,run_idfeature,tmpfs-tmpfs,22,ssd,12,1.7795609606421983
stage_in-run_idfeature,run_idfeature,beegfs,42,ssd,12,1.7795609606421983
stage_in-run_idfeature,run_idfeature,beegfs-ssd,22,ssd,12,1.7795609606421983
stage_in-run_idfeature,run_idfeature,tmpfs-tmpfs,6,ssd,12,1.7795609606421983
stage_in-run_idfeature,run_idfeature,ssd-ssd,11,ssd,12,1.7795609606421983
stage_in-run_idfeature,run_idfeature,beegfs-ssd,9,ssd,12,1.7795609606421983
stage_in-run_idfeature,run_idfeature,beegfs,37,ssd,12,1.7795609606421983
stage_in-run_idfeature,run_idfeature,ssd-ssd,20,ssd,12,1.7795609606421983
stage_in-run_idfeature,run_idfeature,beegfs,52,ssd,12,1.7795609606421983
stage_in-run_idfeature,run_idfeature,beegfs,3,ssd,12,1.7795609606421983
stage_in-run_idfeature,run_idfeature,beegfs,6,ssd,12,1.7795609606421983
stage_in-run_idfeature,run_idfeature,beegfs,41,ssd,12,1.7795609606421983
stage_in-run_idfeature,run_idfeature,beegfs,8,ssd,12,1.7795609606421983
stage_in-run_idfeature,run_idfeature,tmpfs-tmpfs,5,ssd,12,1.7795609606421983
stage_in-run_idfeature,run_idfeature,ssd-ssd,21,ssd,12,1.7795609606421983
stage_in-run_idfeature,run_idfeature,beegfs-tmpfs,21,ssd,12,1.7795609606421983
stage_in-run_idfeature,run_idfeature,beegfs-tmpfs,6,ssd,12,1.7795609606421983
stage_in-run_idfeature,run_idfeature,beegfs,18,ssd,12,1.7795609606421983
stage_in-run_idfeature,run_idfeature,tmpfs-tmpfs,19,ssd,12,1.7795609606421983
stage_in-run_idfeature,run_idfeature,tmpfs-tmpfs,20,ssd,12,1.7795609606421983
stage_in-run_idfeature,run_idfeature,ssd-ssd,6,ssd,12,1.7795609606421983
stage_in-run_idfeature,run_idfeature,beegfs-ssd,6,ssd,12,1.7795609606421983
stage_in-run_idfeature,run_idfeature,beegfs,12,ssd,12,1.7795609606421983
stage_in-run_idfeature,run_idfeature,beegfs-ssd,21,ssd,12,1.7795609606421983
stage_in-run_idfeature,run_idfeature,ssd-ssd,22,ssd,12,1.7795609606421983
stage_in-run_idfeature,run_idfeature,tmpfs-tmpfs,11,ssd,12,1.7795609606421983
stage_in-run_idfeature,run_idfeature,tmpfs-tmpfs,21,ssd,12,1.7795609606421983
stage_in-run_idfeature,run_idfeature,beegfs,60,ssd,12,1.7795609606421983
stage_in-run_idfeature,run_idfeature,beegfs-tmpfs,11,ssd,12,1.7795609606421983
stage_in-run_idfeature,run_idfeature,beegfs-tmpfs,22,ssd,12,1.7795609606421983
stage_in-run_idfeature,run_idfeature,beegfs,39,ssd,12,1.7795609606421983
stage_in-run_idfeature,run_idfeature,beegfs-tmpfs,9,ssd,12,1.7795609606421983
stage_in-run_idfeature,run_idfeature,beegfs,9,ssd,12,1.7795609606421983
stage_in-run_idfeature,run_idfeature,tmpfs-tmpfs,3,ssd,12,1.7795609606421983
stage_in-run_idfeature,run_idfeature,ssd-ssd,9,ssd,12,1.7795609606421983
stage_in-run_idfeature,run_idfeature,tmpfs-tmpfs,9,ssd,12,1.7795609606421983
stage_in-run_idfeature,run_idfeature,beegfs,44,ssd,12,1.7795609606421983
stage_in-run_idfeature,run_idfeature,ssd-ssd,21,ssd,3,1.7971411149071352
stage_in-run_idfeature,run_idfeature,tmpfs-tmpfs,11,ssd,3,1.7971411149071352
stage_in-run_idfeature,run_idfeature,beegfs-tmpfs,11,ssd,3,1.7971411149071352
stage_in-run_idfeature,run_idfeature,beegfs,38,ssd,3,1.7971411149071352
stage_in-run_idfeature,run_idfeature,ssd-ssd,6,ssd,3,1.7971411149071352
stage_in-run_idfeature,run_idfeature,tmpfs-tmpfs,3,ssd,3,1.7971411149071352
stage_in-run_idfeature,run_idfeature,beegfs-tmpfs,9,ssd,3,1.7971411149071352
stage_in-run_idfeature,run_idfeature,beegfs,44,ssd,3,1.7971411149071352
stage_in-run_idfeature,run_idfeature,beegfs-ssd,9,ssd,3,1.7971411149071352
stage_in-run_idfeature,run_idfeature,beegfs,60,ssd,3,1.7971411149071352
stage_in-run_idfeature,run_idfeature,beegfs,37,ssd,3,1.7971411149071352
stage_in-run_idfeature,run_idfeature,beegfs,52,ssd,3,1.7971411149071352
stage_in-run_idfeature,run_idfeature,tmpfs-tmpfs,19,ssd,3,1.7971411149071352
stage_in-run_idfeature,run_idfeature,beegfs,18,ssd,3,1.7971411149071352
stage_in-run_idfeature,run_idfeature,beegfs,39,ssd,3,1.7971411149071352
stage_in-run_idfeature,run_idfeature,beegfs-ssd,11,ssd,3,1.7971411149071352
stage_in-run_idfeature,run_idfeature,ssd-ssd,19,ssd,3,1.7971411149071352
stage_in-run_idfeature,run_idfeature,beegfs,6,ssd,3,1.7971411149071352
stage_in-run_idfeature,run_idfeature,beegfs,3,ssd,3,1.7971411149071352
stage_in-run_idfeature,run_idfeature,tmpfs-tmpfs,5,ssd,3,1.7971411149071352
stage_in-run_idfeature,run_idfeature,ssd-ssd,10,ssd,3,1.7971411149071352
stage_in-run_idfeature,run_idfeature,ssd-ssd,9,ssd,3,1.7971411149071352
stage_in-run_idfeature,run_idfeature,tmpfs-tmpfs,9,ssd,3,1.7971411149071352
stage_in-run_idfeature,run_idfeature,ssd-ssd,3,ssd,3,1.7971411149071352
stage_in-run_idfeature,run_idfeature,ssd-ssd,20,ssd,3,1.7971411149071352
stage_in-run_idfeature,run_idfeature,tmpfs-tmpfs,20,ssd,3,1.7971411149071352
stage_in-run_idfeature,run_idfeature,tmpfs-tmpfs,10,ssd,3,1.7971411149071352
stage_in-run_idfeature,run_idfeature,beegfs,9,ssd,3,1.7971411149071352
stage_in-run_idfeature,run_idfeature,beegfs-ssd,22,ssd,3,1.7971411149071352
stage_in-run_idfeature,run_idfeature,beegfs-ssd,6,ssd,3,1.7971411149071352
stage_in-run_idfeature,run_idfeature,beegfs-tmpfs,22,ssd,3,1.7971411149071352
stage_in-run_idfeature,run_idfeature,ssd-ssd,5,ssd,3,1.7971411149071352
stage_in-run_idfeature,run_idfeature,beegfs-ssd,21,ssd,3,1.7971411149071352
stage_in-run_idfeature,run_idfeature,beegfs-tmpfs,6,ssd,3,1.7971411149071352
stage_in-run_idfeature,run_idfeature,ssd-ssd,22,ssd,3,1.7971411149071352
stage_in-run_idfeature,run_idfeature,ssd-ssd,11,ssd,3,1.7971411149071352
stage_in-run_idfeature,run_idfeature,tmpfs-tmpfs,22,ssd,3,1.7971411149071352
stage_in-run_idfeature,run_idfeature,beegfs-tmpfs,21,ssd,3,1.7971411149071352
stage_in-run_idfeature,run_idfeature,beegfs,41,ssd,3,1.7971411149071352
stage_in-run_idfeature,run_idfeature,beegfs,12,ssd,3,1.7971411149071352
stage_in-run_idfeature,run_idfeature,tmpfs-tmpfs,21,ssd,3,1.7971411149071352
stage_in-run_idfeature,run_idfeature,tmpfs-tmpfs,6,ssd,3,1.7971411149071352
stage_in-run_idfeature,run_idfeature,beegfs,42,ssd,3,1.7971411149071352
stage_in-run_idfeature,run_idfeature,beegfs,8,ssd,3,1.7971411149071352
stage_in-run_idfeature,run_idfeature,tmpfs-tmpfs,11,tmpfs,3,1.809797252606261
stage_in-run_idfeature,run_idfeature,tmpfs-tmpfs,9,tmpfs,3,1.809797252606261
stage_in-run_idfeature,run_idfeature,beegfs-tmpfs,9,tmpfs,3,1.809797252606261
stage_in-run_idfeature,run_idfeature,beegfs,6,tmpfs,3,1.809797252606261
stage_in-run_idfeature,run_idfeature,beegfs,37,tmpfs,3,1.809797252606261
stage_in-run_idfeature,run_idfeature,tmpfs-tmpfs,20,tmpfs,3,1.809797252606261
stage_in-run_idfeature,run_idfeature,tmpfs-tmpfs,6,tmpfs,3,1.809797252606261
stage_in-run_idfeature,run_idfeature,tmpfs-tmpfs,21,tmpfs,3,1.809797252606261
stage_in-run_idfeature,run_idfeature,ssd-ssd,22,tmpfs,3,1.809797252606261
stage_in-run_idfeature,run_idfeature,beegfs-ssd,6,tmpfs,3,1.809797252606261
stage_in-run_idfeature,run_idfeature,ssd-ssd,10,tmpfs,3,1.809797252606261
stage_in-run_idfeature,run_idfeature,tmpfs-tmpfs,5,tmpfs,3,1.809797252606261
stage_in-run_idfeature,run_idfeature,beegfs-ssd,11,tmpfs,3,1.809797252606261
stage_in-run_idfeature,run_idfeature,beegfs,9,tmpfs,3,1.809797252606261
stage_in-run_idfeature,run_idfeature,beegfs,39,tmpfs,3,1.809797252606261
stage_in-run_idfeature,run_idfeature,beegfs,41,tmpfs,3,1.809797252606261
stage_in-run_idfeature,run_idfeature,beegfs-ssd,9,tmpfs,3,1.809797252606261
stage_in-run_idfeature,run_idfeature,beegfs,3,tmpfs,3,1.809797252606261
stage_in-run_idfeature,run_idfeature,beegfs,60,tmpfs,3,1.809797252606261
stage_in-run_idfeature,run_idfeature,ssd-ssd,19,tmpfs,3,1.809797252606261
stage_in-run_idfeature,run_idfeature,tmpfs-tmpfs,19,tmpfs,3,1.809797252606261
stage_in-run_idfeature,run_idfeature,ssd-ssd,5,tmpfs,3,1.809797252606261
stage_in-run_idfeature,run_idfeature,ssd-ssd,9,tmpfs,3,1.809797252606261
stage_in-run_idfeature,run_idfeature,tmpfs-tmpfs,3,tmpfs,3,1.809797252606261
stage_in-run_idfeature,run_idfeature,beegfs,18,tmpfs,3,1.809797252606261
stage_in-run_idfeature,run_idfeature,tmpfs-tmpfs,10,tmpfs,3,1.809797252606261
stage_in-run_idfeature,run_idfeature,beegfs-tmpfs,11,tmpfs,3,1.809797252606261
stage_in-run_idfeature,run_idfeature,beegfs,8,tmpfs,3,1.809797252606261
stage_in-run_idfeature,run_idfeature,beegfs-tmpfs,6,tmpfs,3,1.809797252606261
stage_in-run_idfeature,run_idfeature,ssd-ssd,20,tmpfs,3,1.809797252606261
stage_in-run_idfeature,run_idfeature,beegfs-tmpfs,21,tmpfs,3,1.809797252606261
stage_in-run_idfeature,run_idfeature,beegfs-ssd,21,tmpfs,3,1.809797252606261
stage_in-run_idfeature,run_idfeature,ssd-ssd,3,tmpfs,3,1.809797252606261
stage_in-run_idfeature,run_idfeature,beegfs-tmpfs,22,tmpfs,3,1.809797252606261
stage_in-run_idfeature,run_idfeature,tmpfs-tmpfs,22,tmpfs,3,1.809797252606261
stage_in-run_idfeature,run_idfeature,beegfs,38,tmpfs,3,1.809797252606261
stage_in-run_idfeature,run_idfeature,beegfs-ssd,22,tmpfs,3,1.809797252606261
stage_in-run_idfeature,run_idfeature,ssd-ssd,21,tmpfs,3,1.809797252606261
stage_in-run_idfeature,run_idfeature,beegfs,12,tmpfs,3,1.809797252606261
stage_in-run_idfeature,run_idfeature,beegfs,44,tmpfs,3,1.809797252606261
stage_in-run_idfeature,run_idfeature,ssd-ssd,6,tmpfs,3,1.809797252606261
stage_in-run_idfeature,run_idfeature,ssd-ssd,11,tmpfs,3,1.809797252606261
stage_in-run_idfeature,run_idfeature,beegfs,52,tmpfs,3,1.809797252606261
stage_in-run_idfeature,run_idfeature,beegfs,42,tmpfs,3,1.809797252606261
stage_in-run_idfeature,run_idfeature,tmpfs-tmpfs,19,tmpfs,6,2.024738092123559
stage_in-run_idfeature,run_idfeature,beegfs-ssd,21,tmpfs,6,2.024738092123559
stage_in-run_idfeature,run_idfeature,tmpfs-tmpfs,22,tmpfs,6,2.024738092123559
stage_in-run_idfeature,run_idfeature,beegfs,44,tmpfs,6,2.024738092123559
stage_in-run_idfeature,run_idfeature,beegfs,9,tmpfs,6,2.024738092123559
stage_in-run_idfeature,run_idfeature,beegfs-tmpfs,6,tmpfs,6,2.024738092123559
stage_in-run_idfeature,run_idfeature,beegfs-tmpfs,21,tmpfs,6,2.024738092123559
stage_in-run_idfeature,run_idfeature,tmpfs-tmpfs,10,tmpfs,6,2.024738092123559
stage_in-run_idfeature,run_idfeature,beegfs,12,tmpfs,6,2.024738092123559
stage_in-run_idfeature,run_idfeature,beegfs-ssd,11,tmpfs,6,2.024738092123559
stage_in-run_idfeature,run_idfeature,tmpfs-tmpfs,3,tmpfs,6,2.024738092123559
stage_in-run_idfeature,run_idfeature,beegfs,41,tmpfs,6,2.024738092123559
stage_in-run_idfeature,run_idfeature,beegfs-ssd,6,tmpfs,6,2.024738092123559
stage_in-run_idfeature,run_idfeature,beegfs-ssd,22,tmpfs,6,2.024738092123559
stage_in-run_idfeature,run_idfeature,ssd-ssd,21,tmpfs,6,2.024738092123559
stage_in-run_idfeature,run_idfeature,ssd-ssd,19,tmpfs,6,2.024738092123559
stage_in-run_idfeature,run_idfeature,ssd-ssd,10,tmpfs,6,2.024738092123559
stage_in-run_idfeature,run_idfeature,tmpfs-tmpfs,6,tmpfs,6,2.024738092123559
stage_in-run_idfeature,run_idfeature,beegfs-tmpfs,22,tmpfs,6,2.024738092123559
stage_in-run_idfeature,run_idfeature,beegfs,8,tmpfs,6,2.024738092123559
stage_in-run_idfeature,run_idfeature,beegfs-tmpfs,9,tmpfs,6,2.024738092123559
stage_in-run_idfeature,run_idfeature,beegfs,52,tmpfs,6,2.024738092123559
stage_in-run_idfeature,run_idfeature,ssd-ssd,22,tmpfs,6,2.024738092123559
stage_in-run_idfeature,run_idfeature,beegfs-tmpfs,11,tmpfs,6,2.024738092123559
stage_in-run_idfeature,run_idfeature,beegfs,3,tmpfs,6,2.024738092123559
stage_in-run_idfeature,run_idfeature,ssd-ssd,11,tmpfs,6,2.024738092123559
stage_in-run_idfeature,run_idfeature,beegfs-ssd,9,tmpfs,6,2.024738092123559
stage_in-run_idfeature,run_idfeature,ssd-ssd,6,tmpfs,6,2.024738092123559
stage_in-run_idfeature,run_idfeature,tmpfs-tmpfs,5,tmpfs,6,2.024738092123559
stage_in-run_idfeature,run_idfeature,beegfs,6,tmpfs,6,2.024738092123559
stage_in-run_idfeature,run_idfeature,beegfs,39,tmpfs,6,2.024738092123559
stage_in-run_idfeature,run_idfeature,ssd-ssd,5,tmpfs,6,2.024738092123559
stage_in-run_idfeature,run_idfeature,tmpfs-tmpfs,11,tmpfs,6,2.024738092123559
stage_in-run_idfeature,run_idfeature,tmpfs-tmpfs,21,tmpfs,6,2.024738092123559
stage_in-run_idfeature,run_idfeature,beegfs,18,tmpfs,6,2.024738092123559
stage_in-run_idfeature,run_idfeature,ssd-ssd,9,tmpfs,6,2.024738092123559
stage_in-run_idfeature,run_idfeature,beegfs,37,tmpfs,6,2.024738092123559
stage_in-run_idfeature,run_idfeature,beegfs,42,tmpfs,6,2.024738092123559
stage_in-run_idfeature,run_idfeature,beegfs,60,tmpfs,6,2.024738092123559
stage_in-run_idfeature,run_idfeature,tmpfs-tmpfs,20,tmpfs,6,2.024738092123559
stage_in-run_idfeature,run_idfeature,ssd-ssd,3,tmpfs,6,2.024738092123559
stage_in-run_idfeature,run_idfeature,tmpfs-tmpfs,9,tmpfs,6,2.024738092123559
stage_in-run_idfeature,run_idfeature,ssd-ssd,20,tmpfs,6,2.024738092123559
stage_in-run_idfeature,run_idfeature,beegfs,38,tmpfs,6,2.024738092123559
stage_in-run_idfeature,run_idfeature,ssd-ssd,22,tmpfs,12,2.1083491992276358
stage_in-run_idfeature,run_idfeature,beegfs-ssd,11,tmpfs,12,2.1083491992276358
stage_in-run_idfeature,run_idfeature,beegfs,44,tmpfs,12,2.1083491992276358
stage_in-run_idfeature,run_idfeature,beegfs,41,tmpfs,12,2.1083491992276358
stage_in-run_idfeature,run_idfeature,beegfs,6,tmpfs,12,2.1083491992276358
stage_in-run_idfeature,run_idfeature,beegfs-tmpfs,6,tmpfs,12,2.1083491992276358
stage_in-run_idfeature,run_idfeature,beegfs,42,tmpfs,12,2.1083491992276358
stage_in-run_idfeature,run_idfeature,beegfs,18,tmpfs,12,2.1083491992276358
stage_in-run_idfeature,run_idfeature,ssd-ssd,20,tmpfs,12,2.1083491992276358
stage_in-run_idfeature,run_idfeature,ssd-ssd,6,tmpfs,12,2.1083491992276358
stage_in-run_idfeature,run_idfeature,tmpfs-tmpfs,21,tmpfs,12,2.1083491992276358
stage_in-run_idfeature,run_idfeature,tmpfs-tmpfs,6,tmpfs,12,2.1083491992276358
stage_in-run_idfeature,run_idfeature,beegfs-ssd,9,tmpfs,12,2.1083491992276358
stage_in-run_idfeature,run_idfeature,beegfs,38,tmpfs,12,2.1083491992276358
stage_in-run_idfeature,run_idfeature,beegfs,3,tmpfs,12,2.1083491992276358
stage_in-run_idfeature,run_idfeature,beegfs,37,tmpfs,12,2.1083491992276358
stage_in-run_idfeature,run_idfeature,ssd-ssd,19,tmpfs,12,2.1083491992276358
stage_in-run_idfeature,run_idfeature,ssd-ssd,21,tmpfs,12,2.1083491992276358
stage_in-run_idfeature,run_idfeature,beegfs-tmpfs,9,tmpfs,12,2.1083491992276358
stage_in-run_idfeature,run_idfeature,ssd-ssd,10,tmpfs,12,2.1083491992276358
stage_in-run_idfeature,run_idfeature,tmpfs-tmpfs,9,tmpfs,12,2.1083491992276358
stage_in-run_idfeature,run_idfeature,ssd-ssd,5,tmpfs,12,2.1083491992276358
stage_in-run_idfeature,run_idfeature,tmpfs-tmpfs,11,tmpfs,12,2.1083491992276358
stage_in-run_idfeature,run_idfeature,beegfs-ssd,21,tmpfs,12,2.1083491992276358
stage_in-run_idfeature,run_idfeature,ssd-ssd,3,tmpfs,12,2.1083491992276358
stage_in-run_idfeature,run_idfeature,tmpfs-tmpfs,22,tmpfs,12,2.1083491992276358
stage_in-run_idfeature,run_idfeature,beegfs,9,tmpfs,12,2.1083491992276358
stage_in-run_idfeature,run_idfeature,beegfs,60,tmpfs,12,2.1083491992276358
stage_in-run_idfeature,run_idfeature,beegfs-ssd,6,tmpfs,12,2.1083491992276358
stage_in-run_idfeature,run_idfeature,beegfs-tmpfs,22,tmpfs,12,2.1083491992276358
stage_in-run_idfeature,run_idfeature,tmpfs-tmpfs,5,tmpfs,12,2.1083491992276358
stage_in-run_idfeature,run_idfeature,tmpfs-tmpfs,20,tmpfs,12,2.1083491992276358
stage_in-run_idfeature,run_idfeature,beegfs-ssd,22,tmpfs,12,2.1083491992276358
stage_in-run_idfeature,run_idfeature,ssd-ssd,9,tmpfs,12,2.1083491992276358
stage_in-run_idfeature,run_idfeature,tmpfs-tmpfs,3,tmpfs,12,2.1083491992276358
stage_in-run_idfeature,run_idfeature,beegfs,52,tmpfs,12,2.1083491992276358
stage_in-run_idfeature,run_idfeature,beegfs,39,tmpfs,12,2.1083491992276358
stage_in-run_idfeature,run_idfeature,beegfs,12,tmpfs,12,2.1083491992276358
stage_in-run_idfeature,run_idfeature,tmpfs-tmpfs,10,tmpfs,12,2.1083491992276358
stage_in-run_idfeature,run_idfeature,beegfs-tmpfs,21,tmpfs,12,2.1083491992276358
stage_in-run_idfeature,run_idfeature,beegfs-tmpfs,11,tmpfs,12,2.1083491992276358
stage_in-run_idfeature,run_idfeature,ssd-ssd,11,tmpfs,12,2.1083491992276358
stage_in-run_idfeature,run_idfeature,beegfs,8,tmpfs,12,2.1083491992276358
stage_in-run_idfeature,run_idfeature,tmpfs-tmpfs,19,tmpfs,12,2.1083491992276358
stage_in-run_idfeature,run_idfeature,beegfs-ssd,20,ssd,6,5.769365559784339
stage_in-run_idfeature,run_idfeature,beegfs-ssd,20,ssd,12,6.146385695034732
stage_in-run_idfeature,run_idfeature,beegfs-ssd,20,ssd,3,6.163965849299669
stage_in-run_idfeature,run_idfeature,beegfs-ssd,20,tmpfs,3,6.176621986998795
stage_in-run_idfeature,run_idfeature,beegfs-ssd,20,tmpfs,6,6.391562826516093
stage_in-run_idfeature,run_idfeature,beegfs-ssd,20,tmpfs,12,6.4751739336201695
stage_in-run_idfeature,run_idfeature,beegfs-ssd,10,ssd,6,7.229821393399317
stage_in-run_idfeature,run_idfeature,beegfs-ssd,5,ssd,6,7.32167109063919
stage_in-run_idfeature,run_idfeature,beegfs-ssd,10,ssd,12,7.60684152864971
stage_in-run_idfeature,run_idfeature,beegfs-ssd,10,ssd,3,7.6244216829146465
stage_in-run_idfeature,run_idfeature,beegfs-ssd,10,tmpfs,3,7.637077820613772
stage_in-run_idfeature,run_idfeature,beegfs-ssd,5,ssd,12,7.698691225889583
stage_in-run_idfeature,run_idfeature,beegfs-ssd,5,ssd,3,7.716271380154519
stage_in-run_idfeature,run_idfeature,beegfs-ssd,5,tmpfs,3,7.728927517853645
stage_in-run_idfeature,run_idfeature,beegfs-ssd,10,tmpfs,6,7.852018660131071
stage_in-run_idfeature,run_idfeature,beegfs-ssd,10,tmpfs,12,7.935629767235147
stage_in-run_idfeature,run_idfeature,beegfs-ssd,5,tmpfs,6,7.943868357370944
stage_in-run_idfeature,run_idfeature,beegfs-ssd,19,ssd,6,7.972856334711025
stage_in-run_idfeature,run_idfeature,beegfs-ssd,5,tmpfs,12,8.02747946447502
stage_in-run_idfeature,run_idfeature,beegfs-ssd,19,ssd,12,8.349876469961417
stage_in-run_idfeature,run_idfeature,beegfs-ssd,19,ssd,3,8.367456624226355
stage_in-run_idfeature,run_idfeature,beegfs-ssd,19,tmpfs,3,8.380112761925481
stage_in-run_idfeature,run_idfeature,beegfs-ssd,19,tmpfs,6,8.595053601442778
stage_in-run_idfeature,run_idfeature,beegfs-ssd,19,tmpfs,12,8.678664708546854
stage_in-run_idfeature,run_idfeature,beegfs-ssd,3,ssd,6,8.800148133216167
stage_in-run_idfeature,run_idfeature,beegfs-ssd,3,ssd,12,9.177168268466561
stage_in-run_idfeature,run_idfeature,beegfs-ssd,3,ssd,3,9.194748422731497
stage_in-run_idfeature,run_idfeature,beegfs-ssd,3,tmpfs,3,9.207404560430623
stage_in-run_idfeature,run_idfeature,beegfs-tmpfs,10,ssd,6,9.408028964038056
stage_in-run_idfeature,run_idfeature,beegfs-ssd,3,tmpfs,6,9.422345399947922
stage_in-run_idfeature,run_idfeature,beegfs-ssd,3,tmpfs,12,9.505956507051998
stage_in-run_idfeature,run_idfeature,beegfs-tmpfs,10,ssd,12,9.78504909928845
stage_in-run_idfeature,run_idfeature,beegfs-tmpfs,10,ssd,3,9.802629253553388
stage_in-run_idfeature,run_idfeature,beegfs-tmpfs,10,tmpfs,3,9.815285391252512
stage_in-run_idfeature,run_idfeature,beegfs-tmpfs,10,tmpfs,6,10.030226230769811
stage_in-run_idfeature,run_idfeature,beegfs-tmpfs,10,tmpfs,12,10.113837337873887
stage_in-run_idfeature,run_idfeature,beegfs,8,beegfs,3,10.23447696990995
stage_in-run_idfeature,run_idfeature,beegfs,38,beegfs,3,10.23447696990995
stage_in-run_idfeature,run_idfeature,beegfs,39,beegfs,3,10.23447696990995
stage_in-run_idfeature,run_idfeature,ssd-ssd,6,beegfs,3,10.23447696990995
stage_in-run_idfeature,run_idfeature,beegfs,6,beegfs,3,10.23447696990995
stage_in-run_idfeature,run_idfeature,beegfs-ssd,22,beegfs,3,10.23447696990995
stage_in-run_idfeature,run_idfeature,beegfs,18,beegfs,3,10.23447696990995
stage_in-run_idfeature,run_idfeature,tmpfs-tmpfs,11,beegfs,3,10.23447696990995
stage_in-run_idfeature,run_idfeature,tmpfs-tmpfs,20,beegfs,3,10.23447696990995
stage_in-run_idfeature,run_idfeature,ssd-ssd,3,beegfs,3,10.23447696990995
stage_in-run_idfeature,run_idfeature,tmpfs-tmpfs,3,beegfs,3,10.23447696990995
stage_in-run_idfeature,run_idfeature,ssd-ssd,5,beegfs,3,10.23447696990995
stage_in-run_idfeature,run_idfeature,beegfs-tmpfs,11,beegfs,3,10.23447696990995
stage_in-run_idfeature,run_idfeature,tmpfs-tmpfs,21,beegfs,3,10.23447696990995
stage_in-run_idfeature,run_idfeature,tmpfs-tmpfs,22,beegfs,3,10.23447696990995
stage_in-run_idfeature,run_idfeature,ssd-ssd,22,beegfs,3,10.23447696990995
stage_in-run_idfeature,run_idfeature,beegfs-tmpfs,22,beegfs,3,10.23447696990995
stage_in-run_idfeature,run_idfeature,beegfs,12,beegfs,3,10.23447696990995
stage_in-run_idfeature,run_idfeature,beegfs-ssd,6,beegfs,3,10.23447696990995
stage_in-run_idfeature,run_idfeature,ssd-ssd,20,beegfs,3,10.23447696990995
stage_in-run_idfeature,run_idfeature,tmpfs-tmpfs,10,beegfs,3,10.23447696990995
stage_in-run_idfeature,run_idfeature,ssd-ssd,10,beegfs,3,10.23447696990995
stage_in-run_idfeature,run_idfeature,beegfs,60,beegfs,3,10.23447696990995
stage_in-run_idfeature,run_idfeature,tmpfs-tmpfs,5,beegfs,3,10.23447696990995
stage_in-run_idfeature,run_idfeature,tmpfs-tmpfs,6,beegfs,3,10.23447696990995
stage_in-run_idfeature,run_idfeature,beegfs,52,beegfs,3,10.23447696990995
stage_in-run_idfeature,run_idfeature,tmpfs-tmpfs,19,beegfs,3,10.23447696990995
stage_in-run_idfeature,run_idfeature,tmpfs-tmpfs,9,beegfs,3,10.23447696990995
stage_in-run_idfeature,run_idfeature,beegfs-tmpfs,9,beegfs,3,10.23447696990995
stage_in-run_idfeature,run_idfeature,beegfs,9,beegfs,3,10.23447696990995
stage_in-run_idfeature,run_idfeature,ssd-ssd,21,beegfs,3,10.23447696990995
stage_in-run_idfeature,run_idfeature,beegfs-tmpfs,21,beegfs,3,10.23447696990995
stage_in-run_idfeature,run_idfeature,ssd-ssd,9,beegfs,3,10.23447696990995
stage_in-run_idfeature,run_idfeature,ssd-ssd,19,beegfs,3,10.23447696990995
stage_in-run_idfeature,run_idfeature,beegfs-tmpfs,6,beegfs,3,10.23447696990995
stage_in-run_idfeature,run_idfeature,beegfs-ssd,9,beegfs,3,10.23447696990995
stage_in-run_idfeature,run_idfeature,beegfs,44,beegfs,3,10.23447696990995
stage_in-run_idfeature,run_idfeature,beegfs,41,beegfs,3,10.23447696990995
stage_in-run_idfeature,run_idfeature,ssd-ssd,11,beegfs,3,10.23447696990995
stage_in-run_idfeature,run_idfeature,beegfs-ssd,21,beegfs,3,10.23447696990995
stage_in-run_idfeature,run_idfeature,beegfs,42,beegfs,3,10.23447696990995
stage_in-run_idfeature,run_idfeature,beegfs,3,beegfs,3,10.23447696990995
stage_in-run_idfeature,run_idfeature,beegfs-ssd,11,beegfs,3,10.23447696990995
stage_in-run_idfeature,run_idfeature,beegfs,37,beegfs,3,10.23447696990995
stage_in-run_idfeature,run_idfeature,beegfs-tmpfs,3,ssd,6,10.275508672564051
stage_in-run_idfeature,run_idfeature,beegfs-ssd,21,beegfs,6,10.536575314085992
stage_in-run_idfeature,run_idfeature,beegfs-ssd,6,beegfs,6,10.536575314085992
stage_in-run_idfeature,run_idfeature,beegfs,42,beegfs,6,10.536575314085992
stage_in-run_idfeature,run_idfeature,beegfs,9,beegfs,6,10.536575314085992
stage_in-run_idfeature,run_idfeature,beegfs,52,beegfs,6,10.536575314085992
stage_in-run_idfeature,run_idfeature,beegfs,37,beegfs,6,10.536575314085992
stage_in-run_idfeature,run_idfeature,beegfs,12,beegfs,6,10.536575314085992
stage_in-run_idfeature,run_idfeature,tmpfs-tmpfs,22,beegfs,6,10.536575314085992
stage_in-run_idfeature,run_idfeature,beegfs,3,beegfs,6,10.536575314085992
stage_in-run_idfeature,run_idfeature,beegfs,8,beegfs,6,10.536575314085992
stage_in-run_idfeature,run_idfeature,ssd-ssd,3,beegfs,6,10.536575314085992
stage_in-run_idfeature,run_idfeature,ssd-ssd,22,beegfs,6,10.536575314085992
stage_in-run_idfeature,run_idfeature,ssd-ssd,6,beegfs,6,10.536575314085992
stage_in-run_idfeature,run_idfeature,beegfs-tmpfs,21,beegfs,6,10.536575314085992
stage_in-run_idfeature,run_idfeature,ssd-ssd,21,beegfs,6,10.536575314085992
stage_in-run_idfeature,run_idfeature,beegfs,44,beegfs,6,10.536575314085992
stage_in-run_idfeature,run_idfeature,beegfs-ssd,22,beegfs,6,10.536575314085992
stage_in-run_idfeature,run_idfeature,beegfs,18,beegfs,6,10.536575314085992
stage_in-run_idfeature,run_idfeature,beegfs-ssd,9,beegfs,6,10.536575314085992
stage_in-run_idfeature,run_idfeature,tmpfs-tmpfs,21,beegfs,6,10.536575314085992
stage_in-run_idfeature,run_idfeature,tmpfs-tmpfs,10,beegfs,6,10.536575314085992
stage_in-run_idfeature,run_idfeature,beegfs,39,beegfs,6,10.536575314085992
stage_in-run_idfeature,run_idfeature,beegfs,60,beegfs,6,10.536575314085992
stage_in-run_idfeature,run_idfeature,ssd-ssd,11,beegfs,6,10.536575314085992
stage_in-run_idfeature,run_idfeature,beegfs,6,beegfs,6,10.536575314085992
stage_in-run_idfeature,run_idfeature,beegfs,41,beegfs,6,10.536575314085992
stage_in-run_idfeature,run_idfeature,tmpfs-tmpfs,5,beegfs,6,10.536575314085992
stage_in-run_idfeature,run_idfeature,tmpfs-tmpfs,11,beegfs,6,10.536575314085992
stage_in-run_idfeature,run_idfeature,tmpfs-tmpfs,6,beegfs,6,10.536575314085992
stage_in-run_idfeature,run_idfeature,ssd-ssd,9,beegfs,6,10.536575314085992
stage_in-run_idfeature,run_idfeature,beegfs-tmpfs,9,beegfs,6,10.536575314085992
stage_in-run_idfeature,run_idfeature,ssd-ssd,20,beegfs,6,10.536575314085992
stage_in-run_idfeature,run_idfeature,tmpfs-tmpfs,20,beegfs,6,10.536575314085992
stage_in-run_idfeature,run_idfeature,beegfs-tmpfs,22,beegfs,6,10.536575314085992
stage_in-run_idfeature,run_idfeature,tmpfs-tmpfs,19,beegfs,6,10.536575314085992
stage_in-run_idfeature,run_idfeature,tmpfs-tmpfs,3,beegfs,6,10.536575314085992
stage_in-run_idfeature,run_idfeature,tmpfs-tmpfs,9,beegfs,6,10.536575314085992
stage_in-run_idfeature,run_idfeature,beegfs-tmpfs,11,beegfs,6,10.536575314085992
stage_in-run_idfeature,run_idfeature,beegfs-tmpfs,6,beegfs,6,10.536575314085992
stage_in-run_idfeature,run_idfeature,ssd-ssd,5,beegfs,6,10.536575314085992
stage_in-run_idfeature,run_idfeature,ssd-ssd,10,beegfs,6,10.536575314085992
stage_in-run_idfeature,run_idfeature,ssd-ssd,19,beegfs,6,10.536575314085992
stage_in-run_idfeature,run_idfeature,beegfs,38,beegfs,6,10.536575314085992
stage_in-run_idfeature,run_idfeature,beegfs-ssd,11,beegfs,6,10.536575314085992
stage_in-run_idfeature,run_idfeature,beegfs-tmpfs,3,ssd,12,10.652528807814445
stage_in-run_idfeature,run_idfeature,beegfs-tmpfs,3,ssd,3,10.670108962079382
stage_in-run_idfeature,run_idfeature,beegfs-tmpfs,3,tmpfs,3,10.682765099778507
stage_in-run_idfeature,run_idfeature,beegfs-tmpfs,3,tmpfs,6,10.897705939295806
stage_in-run_idfeature,run_idfeature,beegfs-tmpfs,3,tmpfs,12,10.981317046399882
stage_in-run_idfeature,run_idfeature,beegfs-ssd,2,ssd,6,13.719811253943483
stage_in-run_idfeature,run_idfeature,beegfs-ssd,2,ssd,12,14.096831389193877
stage_in-run_idfeature,run_idfeature,beegfs-ssd,2,ssd,3,14.114411543458814
stage_in-run_idfeature,run_idfeature,beegfs-ssd,2,tmpfs,3,14.12706768115794
stage_in-run_idfeature,run_idfeature,beegfs-ssd,2,tmpfs,6,14.342008520675238
stage_in-run_idfeature,run_idfeature,beegfs-ssd,2,tmpfs,12,14.425619627779314
stage_in-run_idfeature,run_idfeature,beegfs-ssd,20,beegfs,3,14.601301704302484
stage_in-run_idfeature,run_idfeature,beegfs-ssd,20,beegfs,6,14.903400048478526
stage_in-run_idfeature,run_idfeature,ssd-ssd,6,beegfs,12,15.451779619380678
stage_in-run_idfeature,run_idfeature,tmpfs-tmpfs,10,beegfs,12,15.451779619380678
stage_in-run_idfeature,run_idfeature,ssd-ssd,22,beegfs,12,15.451779619380678
stage_in-run_idfeature,run_idfeature,beegfs-ssd,6,beegfs,12,15.451779619380678
stage_in-run_idfeature,run_idfeature,beegfs-tmpfs,6,beegfs,12,15.451779619380678
stage_in-run_idfeature,run_idfeature,beegfs-tmpfs,21,beegfs,12,15.451779619380678
stage_in-run_idfeature,run_idfeature,tmpfs-tmpfs,3,beegfs,12,15.451779619380678
stage_in-run_idfeature,run_idfeature,ssd-ssd,5,beegfs,12,15.451779619380678
stage_in-run_idfeature,run_idfeature,beegfs,18,beegfs,12,15.451779619380678
stage_in-run_idfeature,run_idfeature,beegfs,38,beegfs,12,15.451779619380678
stage_in-run_idfeature,run_idfeature,tmpfs-tmpfs,22,beegfs,12,15.451779619380678
stage_in-run_idfeature,run_idfeature,tmpfs-tmpfs,11,beegfs,12,15.451779619380678
stage_in-run_idfeature,run_idfeature,ssd-ssd,19,beegfs,12,15.451779619380678
stage_in-run_idfeature,run_idfeature,tmpfs-tmpfs,6,beegfs,12,15.451779619380678
stage_in-run_idfeature,run_idfeature,beegfs,39,beegfs,12,15.451779619380678
stage_in-run_idfeature,run_idfeature,ssd-ssd,21,beegfs,12,15.451779619380678
stage_in-run_idfeature,run_idfeature,beegfs-tmpfs,9,beegfs,12,15.451779619380678
stage_in-run_idfeature,run_idfeature,ssd-ssd,9,beegfs,12,15.451779619380678
stage_in-run_idfeature,run_idfeature,beegfs,6,beegfs,12,15.451779619380678
stage_in-run_idfeature,run_idfeature,ssd-ssd,3,beegfs,12,15.451779619380678
stage_in-run_idfeature,run_idfeature,beegfs,41,beegfs,12,15.451779619380678
stage_in-run_idfeature,run_idfeature,beegfs,60,beegfs,12,15.451779619380678
stage_in-run_idfeature,run_idfeature,beegfs-tmpfs,11,beegfs,12,15.451779619380678
stage_in-run_idfeature,run_idfeature,beegfs,3,beegfs,12,15.451779619380678
stage_in-run_idfeature,run_idfeature,beegfs-ssd,22,beegfs,12,15.451779619380678
stage_in-run_idfeature,run_idfeature,beegfs,42,beegfs,12,15.451779619380678
stage_in-run_idfeature,run_idfeature,beegfs-ssd,11,beegfs,12,15.451779619380678
stage_in-run_idfeature,run_idfeature,beegfs,9,beegfs,12,15.451779619380678
stage_in-run_idfeature,run_idfeature,tmpfs-tmpfs,20,beegfs,12,15.451779619380678
stage_in-run_idfeature,run_idfeature,tmpfs-tmpfs,9,beegfs,12,15.451779619380678
stage_in-run_idfeature,run_idfeature,beegfs,8,beegfs,12,15.451779619380678
stage_in-run_idfeature,run_idfeature,tmpfs-tmpfs,21,beegfs,12,15.451779619380678
stage_in-run_idfeature,run_idfeature,beegfs-ssd,21,beegfs,12,15.451779619380678
stage_in-run_idfeature,run_idfeature,beegfs-tmpfs,22,beegfs,12,15.451779619380678
stage_in-run_idfeature,run_idfeature,ssd-ssd,11,beegfs,12,15.451779619380678
stage_in-run_idfeature,run_idfeature,ssd-ssd,20,beegfs,12,15.451779619380678
stage_in-run_idfeature,run_idfeature,beegfs,52,beegfs,12,15.451779619380678
stage_in-run_idfeature,run_idfeature,beegfs,44,beegfs,12,15.451779619380678
stage_in-run_idfeature,run_idfeature,beegfs,37,beegfs,12,15.451779619380678
stage_in-run_idfeature,run_idfeature,tmpfs-tmpfs,19,beegfs,12,15.451779619380678
stage_in-run_idfeature,run_idfeature,ssd-ssd,10,beegfs,12,15.451779619380678
stage_in-run_idfeature,run_idfeature,tmpfs-tmpfs,5,beegfs,12,15.451779619380678
stage_in-run_idfeature,run_idfeature,beegfs-ssd,9,beegfs,12,15.451779619380678
stage_in-run_idfeature,run_idfeature,beegfs,12,beegfs,12,15.451779619380678
stage_in-run_idfeature,run_idfeature,beegfs-ssd,10,beegfs,3,16.06175753791746
stage_in-run_idfeature,run_idfeature,beegfs-ssd,5,beegfs,3,16.153607235157335
stage_in-run_idfeature,run_idfeature,beegfs-ssd,10,beegfs,6,16.363855882093503
stage_in-run_idfeature,run_idfeature,beegfs-ssd,5,beegfs,6,16.455705579333376
stage_in-run_idfeature,run_idfeature,beegfs-ssd,19,beegfs,3,16.80479247922917
stage_in-run_idfeature,run_idfeature,beegfs-ssd,19,beegfs,6,17.106890823405212
stage_in-run_idfeature,run_idfeature,beegfs-ssd,3,beegfs,3,17.632084277734315
stage_in-run_idfeature,run_idfeature,beegfs-ssd,3,beegfs,6,17.934182621910352
stage_in-run_idfeature,run_idfeature,beegfs-tmpfs,10,beegfs,3,18.239965108556202
stage_in-run_idfeature,run_idfeature,beegfs-tmpfs,10,beegfs,6,18.542063452732243
stage_in-run_idfeature,run_idfeature,beegfs-tmpfs,3,beegfs,3,19.107444817082197
stage_in-run_idfeature,run_idfeature,beegfs-tmpfs,3,beegfs,6,19.409543161258238
stage_in-run_idfeature,run_idfeature,beegfs-ssd,20,beegfs,12,19.81860435377321
stage_in-run_idfeature,run_idfeature,beegfs-ssd,10,beegfs,12,21.27906018738819
stage_in-run_idfeature,run_idfeature,beegfs-ssd,5,beegfs,12,21.370909884628063
stage_in-run_idfeature,run_idfeature,beegfs-ssd,19,beegfs,12,22.0220951286999
stage_in-run_idfeature,run_idfeature,beegfs-ssd,2,beegfs,3,22.55174739846163
stage_in-run_idfeature,run_idfeature,beegfs-ssd,3,beegfs,12,22.84938692720504
stage_in-run_idfeature,run_idfeature,beegfs-ssd,2,beegfs,6,22.85384574263767
stage_in-run_idfeature,run_idfeature,beegfs-tmpfs,10,beegfs,12,23.45726775802693
stage_in-run_idfeature,run_idfeature,beegfs-tmpfs,3,beegfs,12,24.324747466552925
stage_in-run_idfeature,run_idfeature,beegfs-tmpfs,2,ssd,6,26.752151313794805
stage_in-run_idfeature,run_idfeature,beegfs-tmpfs,2,ssd,12,27.129171449045195
stage_in-run_idfeature,run_idfeature,beegfs-tmpfs,2,ssd,3,27.146751603310133
stage_in-run_idfeature,run_idfeature,beegfs-tmpfs,2,tmpfs,3,27.15940774100926
stage_in-run_idfeature,run_idfeature,beegfs-tmpfs,2,tmpfs,6,27.374348580526558
stage_in-run_idfeature,run_idfeature,beegfs-tmpfs,2,tmpfs,12,27.457959687630634
stage_in-run_idfeature,run_idfeature,beegfs-ssd,2,beegfs,12,27.769050047932357
stage_in-run_idfeature,run_idfeature,beegfs-tmpfs,2,beegfs,3,35.58408745831295
stage_in-run_idfeature,run_idfeature,beegfs-tmpfs,2,beegfs,6,35.88618580248899
stage_in-run_idfeature,run_idfeature,beegfs-tmpfs,20,ssd,6,37.23104692693101
stage_in-run_idfeature,run_idfeature,beegfs-tmpfs,20,ssd,12,37.608067062181405
stage_in-run_idfeature,run_idfeature,beegfs-tmpfs,20,ssd,3,37.62564721644634
stage_in-run_idfeature,run_idfeature,beegfs-tmpfs,20,tmpfs,3,37.638303354145464
stage_in-run_idfeature,run_idfeature,beegfs-tmpfs,20,tmpfs,6,37.85324419366276
stage_in-run_idfeature,run_idfeature,beegfs-tmpfs,20,tmpfs,12,37.93685530076684
stage_in-run_idfeature,run_idfeature,beegfs-tmpfs,5,ssd,6,38.476102106613716
stage_in-run_idfeature,run_idfeature,beegfs-tmpfs,5,ssd,12,38.853122241864114
stage_in-run_idfeature,run_idfeature,beegfs-tmpfs,5,ssd,3,38.87070239612905
stage_in-run_idfeature,run_idfeature,beegfs-tmpfs,5,tmpfs,3,38.88335853382817
stage_in-run_idfeature,run_idfeature,beegfs-tmpfs,5,tmpfs,6,39.09829937334547
stage_in-run_idfeature,run_idfeature,beegfs-tmpfs,5,tmpfs,12,39.181910480449545
stage_in-run_idfeature,run_idfeature,beegfs-tmpfs,2,beegfs,12,40.801390107783675
stage_in-run_idfeature,run_idfeature,beegfs-tmpfs,20,beegfs,3,46.06298307144915
stage_in-run_idfeature,run_idfeature,beegfs-tmpfs,20,beegfs,6,46.3650814156252
stage_in-run_idfeature,run_idfeature,beegfs-tmpfs,5,beegfs,3,47.30803825113186
stage_in-run_idfeature,run_idfeature,beegfs-tmpfs,5,beegfs,6,47.61013659530791
stage_in-run_idfeature,run_idfeature,beegfs-tmpfs,20,beegfs,12,51.280285720919885
stage_in-run_idfeature,run_idfeature,beegfs-tmpfs,5,beegfs,12,52.52534090060259
stage_in-run_idfeature,run_idfeature,beegfs-tmpfs,19,ssd,6,55.14529997770061
stage_in-run_idfeature,run_idfeature,beegfs-tmpfs,19,ssd,12,55.52232011295101
stage_in-run_idfeature,run_idfeature,beegfs-tmpfs,19,ssd,3,55.53990026721594
stage_in-run_idfeature,run_idfeature,beegfs-tmpfs,19,tmpfs,3,55.552556404915066
stage_in-run_idfeature,run_idfeature,beegfs-tmpfs,19,tmpfs,6,55.76749724443236
stage_in-run_idfeature,run_idfeature,beegfs-tmpfs,19,tmpfs,12,55.85110835153644
stage_in-run_idfeature,run_idfeature,beegfs-tmpfs,19,beegfs,3,63.977236122218756
stage_in-run_idfeature,run_idfeature,beegfs-tmpfs,19,beegfs,6,64.2793344663948
stage_in-run_idfeature,run_idfeature,beegfs-tmpfs,19,beegfs,12,69.19453877168948
stage_in-run_tracksingle,run_tracksingle,beegfs,3,ssd,6,0.05591327326875009
stage_in-run_tracksingle,run_tracksingle,beegfs,37,ssd,6,0.05591327326875009
stage_in-run_tracksingle,run_tracksingle,beegfs-tmpfs,26,ssd,6,0.05591327326875009
stage_in-run_tracksingle,run_tracksingle,beegfs,41,ssd,6,0.05591327326875009
stage_in-run_tracksingle,run_tracksingle,beegfs-ssd,13,ssd,6,0.05591327326875009
stage_in-run_tracksingle,run_tracksingle,tmpfs-tmpfs,7,ssd,6,0.05591327326875009
stage_in-run_tracksingle,run_tracksingle,beegfs,44,ssd,6,0.05591327326875009
stage_in-run_tracksingle,run_tracksingle,beegfs,18,ssd,6,0.05591327326875009
stage_in-run_tracksingle,run_tracksingle,beegfs,12,ssd,6,0.05591327326875009
stage_in-run_tracksingle,run_tracksingle,beegfs,52,ssd,6,0.05591327326875009
stage_in-run_tracksingle,run_tracksingle,beegfs-tmpfs,13,ssd,6,0.05591327326875009
stage_in-run_tracksingle,run_tracksingle,beegfs,6,ssd,6,0.05591327326875009
stage_in-run_tracksingle,run_tracksingle,beegfs,9,ssd,6,0.05591327326875009
stage_in-run_tracksingle,run_tracksingle,beegfs-ssd,7,ssd,6,0.05591327326875009
stage_in-run_tracksingle,run_tracksingle,beegfs-ssd,26,ssd,6,0.05591327326875009
stage_in-run_tracksingle,run_tracksingle,tmpfs-tmpfs,13,ssd,6,0.05591327326875009
stage_in-run_tracksingle,run_tracksingle,tmpfs-tmpfs,26,ssd,6,0.05591327326875009
stage_in-run_tracksingle,run_tracksingle,beegfs,39,ssd,6,0.05591327326875009
stage_in-run_tracksingle,run_tracksingle,beegfs,42,ssd,6,0.05591327326875009
stage_in-run_tracksingle,run_tracksingle,ssd-ssd,7,ssd,6,0.05591327326875009
stage_in-run_tracksingle,run_tracksingle,beegfs-tmpfs,7,ssd,6,0.05591327326875009
stage_in-run_tracksingle,run_tracksingle,beegfs,60,ssd,6,0.05591327326875009
stage_in-run_tracksingle,run_tracksingle,beegfs,38,ssd,6,0.05591327326875009
stage_in-run_tracksingle,run_tracksingle,beegfs,8,ssd,6,0.05591327326875009
stage_in-run_tracksingle,run_tracksingle,ssd-ssd,26,ssd,6,0.05591327326875009
stage_in-run_tracksingle,run_tracksingle,ssd-ssd,13,ssd,6,0.05591327326875009
stage_in-run_tracksingle,run_tracksingle,beegfs-tmpfs,7,tmpfs,12,0.057163892590663644
stage_in-run_tracksingle,run_tracksingle,beegfs-tmpfs,26,tmpfs,12,0.057163892590663644
stage_in-run_tracksingle,run_tracksingle,beegfs-ssd,7,tmpfs,12,0.057163892590663644
stage_in-run_tracksingle,run_tracksingle,tmpfs-tmpfs,26,tmpfs,12,0.057163892590663644
stage_in-run_tracksingle,run_tracksingle,ssd-ssd,7,tmpfs,12,0.057163892590663644
stage_in-run_tracksingle,run_tracksingle,beegfs,44,tmpfs,12,0.057163892590663644
stage_in-run_tracksingle,run_tracksingle,beegfs,38,tmpfs,12,0.057163892590663644
stage_in-run_tracksingle,run_tracksingle,beegfs,3,tmpfs,12,0.057163892590663644
stage_in-run_tracksingle,run_tracksingle,beegfs,52,tmpfs,12,0.057163892590663644
stage_in-run_tracksingle,run_tracksingle,beegfs,41,tmpfs,12,0.057163892590663644
stage_in-run_tracksingle,run_tracksingle,beegfs,37,tmpfs,12,0.057163892590663644
stage_in-run_tracksingle,run_tracksingle,ssd-ssd,13,tmpfs,12,0.057163892590663644
stage_in-run_tracksingle,run_tracksingle,ssd-ssd,26,tmpfs,12,0.057163892590663644
stage_in-run_tracksingle,run_tracksingle,beegfs,6,tmpfs,12,0.057163892590663644
stage_in-run_tracksingle,run_tracksingle,beegfs,39,tmpfs,12,0.057163892590663644
stage_in-run_tracksingle,run_tracksingle,tmpfs-tmpfs,7,tmpfs,12,0.057163892590663644
stage_in-run_tracksingle,run_tracksingle,beegfs-ssd,13,tmpfs,12,0.057163892590663644
stage_in-run_tracksingle,run_tracksingle,beegfs,12,tmpfs,12,0.057163892590663644
stage_in-run_tracksingle,run_tracksingle,beegfs-tmpfs,13,tmpfs,12,0.057163892590663644
stage_in-run_tracksingle,run_tracksingle,beegfs,42,tmpfs,12,0.057163892590663644
stage_in-run_tracksingle,run_tracksingle,beegfs,18,tmpfs,12,0.057163892590663644
stage_in-run_tracksingle,run_tracksingle,beegfs,9,tmpfs,12,0.057163892590663644
stage_in-run_tracksingle,run_tracksingle,tmpfs-tmpfs,13,tmpfs,12,0.057163892590663644
stage_in-run_tracksingle,run_tracksingle,beegfs,60,tmpfs,12,0.057163892590663644
stage_in-run_tracksingle,run_tracksingle,beegfs-ssd,26,tmpfs,12,0.057163892590663644
stage_in-run_tracksingle,run_tracksingle,beegfs,8,tmpfs,12,0.057163892590663644
stage_in-run_tracksingle,run_tracksingle,beegfs,3,tmpfs,3,0.057725637875093536
stage_in-run_tracksingle,run_tracksingle,beegfs,60,tmpfs,3,0.057725637875093536
stage_in-run_tracksingle,run_tracksingle,beegfs,38,tmpfs,3,0.057725637875093536
stage_in-run_tracksingle,run_tracksingle,beegfs-tmpfs,7,tmpfs,3,0.057725637875093536
stage_in-run_tracksingle,run_tracksingle,beegfs,6,tmpfs,3,0.057725637875093536
stage_in-run_tracksingle,run_tracksingle,beegfs-tmpfs,13,tmpfs,3,0.057725637875093536
stage_in-run_tracksingle,run_tracksingle,beegfs,18,tmpfs,3,0.057725637875093536
stage_in-run_tracksingle,run_tracksingle,ssd-ssd,7,tmpfs,3,0.057725637875093536
stage_in-run_tracksingle,run_tracksingle,beegfs-tmpfs,26,tmpfs,3,0.057725637875093536
stage_in-run_tracksingle,run_tracksingle,beegfs,8,tmpfs,3,0.057725637875093536
stage_in-run_tracksingle,run_tracksingle,beegfs,9,tmpfs,3,0.057725637875093536
stage_in-run_tracksingle,run_tracksingle,tmpfs-tmpfs,13,tmpfs,3,0.057725637875093536
stage_in-run_tracksingle,run_tracksingle,beegfs,39,tmpfs,3,0.057725637875093536
stage_in-run_tracksingle,run_tracksingle,beegfs,41,tmpfs,3,0.057725637875093536
stage_in-run_tracksingle,run_tracksingle,tmpfs-tmpfs,7,tmpfs,3,0.057725637875093536
stage_in-run_tracksingle,run_tracksingle,beegfs,37,tmpfs,3,0.057725637875093536
stage_in-run_tracksingle,run_tracksingle,ssd-ssd,26,tmpfs,3,0.057725637875093536
stage_in-run_tracksingle,run_tracksingle,tmpfs-tmpfs,26,tmpfs,3,0.057725637875093536
stage_in-run_tracksingle,run_tracksingle,beegfs-ssd,26,tmpfs,3,0.057725637875093536
stage_in-run_tracksingle,run_tracksingle,beegfs,12,tmpfs,3,0.057725637875093536
stage_in-run_tracksingle,run_tracksingle,beegfs,44,tmpfs,3,0.057725637875093536
stage_in-run_tracksingle,run_tracksingle,beegfs-ssd,13,tmpfs,3,0.057725637875093536
stage_in-run_tracksingle,run_tracksingle,ssd-ssd,13,tmpfs,3,0.057725637875093536
stage_in-run_tracksingle,run_tracksingle,beegfs,52,tmpfs,3,0.057725637875093536
stage_in-run_tracksingle,run_tracksingle,beegfs,42,tmpfs,3,0.057725637875093536
stage_in-run_tracksingle,run_tracksingle,beegfs-ssd,7,tmpfs,3,0.057725637875093536
stage_in-run_tracksingle,run_tracksingle,beegfs-tmpfs,7,tmpfs,6,0.058137926435435666
stage_in-run_tracksingle,run_tracksingle,beegfs-tmpfs,13,tmpfs,6,0.058137926435435666
stage_in-run_tracksingle,run_tracksingle,beegfs,37,tmpfs,6,0.058137926435435666
stage_in-run_tracksingle,run_tracksingle,beegfs,42,tmpfs,6,0.058137926435435666
stage_in-run_tracksingle,run_tracksingle,beegfs,6,tmpfs,6,0.058137926435435666
stage_in-run_tracksingle,run_tracksingle,beegfs,60,tmpfs,6,0.058137926435435666
stage_in-run_tracksingle,run_tracksingle,beegfs,44,tmpfs,6,0.058137926435435666
stage_in-run_tracksingle,run_tracksingle,beegfs,8,tmpfs,6,0.058137926435435666
stage_in-run_tracksingle,run_tracksingle,beegfs,9,tmpfs,6,0.058137926435435666
stage_in-run_tracksingle,run_tracksingle,beegfs,39,tmpfs,6,0.058137926435435666
stage_in-run_tracksingle,run_tracksingle,ssd-ssd,7,tmpfs,6,0.058137926435435666
stage_in-run_tracksingle,run_tracksingle,beegfs,52,tmpfs,6,0.058137926435435666
stage_in-run_tracksingle,run_tracksingle,beegfs-tmpfs,26,tmpfs,6,0.058137926435435666
stage_in-run_tracksingle,run_tracksingle,beegfs,12,tmpfs,6,0.058137926435435666
stage_in-run_tracksingle,run_tracksingle,beegfs-ssd,26,tmpfs,6,0.058137926435435666
stage_in-run_tracksingle,run_tracksingle,beegfs,3,tmpfs,6,0.058137926435435666
stage_in-run_tracksingle,run_tracksingle,beegfs-ssd,13,tmpfs,6,0.058137926435435666
stage_in-run_tracksingle,run_tracksingle,tmpfs-tmpfs,7,tmpfs,6,0.058137926435435666
stage_in-run_tracksingle,run_tracksingle,ssd-ssd,26,tmpfs,6,0.058137926435435666
stage_in-run_tracksingle,run_tracksingle,ssd-ssd,13,tmpfs,6,0.058137926435435666
stage_in-run_tracksingle,run_tracksingle,beegfs-ssd,7,tmpfs,6,0.058137926435435666
stage_in-run_tracksingle,run_tracksingle,tmpfs-tmpfs,13,tmpfs,6,0.058137926435435666
stage_in-run_tracksingle,run_tracksingle,beegfs,41,tmpfs,6,0.058137926435435666
stage_in-run_tracksingle,run_tracksingle,beegfs,38,tmpfs,6,0.058137926435435666
stage_in-run_tracksingle,run_tracksingle,beegfs,18,tmpfs,6,0.058137926435435666
stage_in-run_tracksingle,run_tracksingle,tmpfs-tmpfs,26,tmpfs,6,0.058137926435435666
stage_in-run_tracksingle,run_tracksingle,beegfs-ssd,26,ssd,3,0.05866764674046264
stage_in-run_tracksingle,run_tracksingle,beegfs-tmpfs,13,ssd,3,0.05866764674046264
stage_in-run_tracksingle,run_tracksingle,beegfs-tmpfs,26,ssd,3,0.05866764674046264
stage_in-run_tracksingle,run_tracksingle,beegfs,6,ssd,3,0.05866764674046264
stage_in-run_tracksingle,run_tracksingle,ssd-ssd,7,ssd,3,0.05866764674046264
stage_in-run_tracksingle,run_tracksingle,beegfs,37,ssd,3,0.05866764674046264
stage_in-run_tracksingle,run_tracksingle,ssd-ssd,13,ssd,3,0.05866764674046264
stage_in-run_tracksingle,run_tracksingle,beegfs,3,ssd,3,0.05866764674046264
stage_in-run_tracksingle,run_tracksingle,beegfs,38,ssd,3,0.05866764674046264
stage_in-run_tracksingle,run_tracksingle,beegfs-tmpfs,7,ssd,3,0.05866764674046264
stage_in-run_tracksingle,run_tracksingle,beegfs,52,ssd,3,0.05866764674046264
stage_in-run_tracksingle,run_tracksingle,ssd-ssd,26,ssd,3,0.05866764674046264
stage_in-run_tracksingle,run_tracksingle,beegfs,41,ssd,3,0.05866764674046264
stage_in-run_tracksingle,run_tracksingle,beegfs,12,ssd,3,0.05866764674046264
stage_in-run_tracksingle,run_tracksingle,beegfs,18,ssd,3,0.05866764674046264
stage_in-run_tracksingle,run_tracksingle,beegfs-ssd,13,ssd,3,0.05866764674046264
stage_in-run_tracksingle,run_tracksingle,beegfs,39,ssd,3,0.05866764674046264
stage_in-run_tracksingle,run_tracksingle,tmpfs-tmpfs,26,ssd,3,0.05866764674046264
stage_in-run_tracksingle,run_tracksingle,beegfs,44,ssd,3,0.05866764674046264
stage_in-run_tracksingle,run_tracksingle,tmpfs-tmpfs,13,ssd,3,0.05866764674046264
stage_in-run_tracksingle,run_tracksingle,beegfs,9,ssd,3,0.05866764674046264
stage_in-run_tracksingle,run_tracksingle,beegfs,42,ssd,3,0.05866764674046264
stage_in-run_tracksingle,run_tracksingle,tmpfs-tmpfs,7,ssd,3,0.05866764674046264
stage_in-run_tracksingle,run_tracksingle,beegfs-ssd,7,ssd,3,0.05866764674046264
stage_in-run_tracksingle,run_tracksingle,beegfs,8,ssd,3,0.05866764674046264
stage_in-run_tracksingle,run_tracksingle,beegfs,60,ssd,3,0.05866764674046264
stage_in-run_tracksingle,run_tracksingle,ssd-ssd,26,ssd,12,0.06589141099949232
stage_in-run_tracksingle,run_tracksingle,beegfs,18,ssd,12,0.06589141099949232
stage_in-run_tracksingle,run_tracksingle,beegfs,60,ssd,12,0.06589141099949232
stage_in-run_tracksingle,run_tracksingle,beegfs,42,ssd,12,0.06589141099949232
stage_in-run_tracksingle,run_tracksingle,beegfs-tmpfs,7,ssd,12,0.06589141099949232
stage_in-run_tracksingle,run_tracksingle,beegfs-ssd,26,ssd,12,0.06589141099949232
stage_in-run_tracksingle,run_tracksingle,beegfs,39,ssd,12,0.06589141099949232
stage_in-run_tracksingle,run_tracksingle,tmpfs-tmpfs,13,ssd,12,0.06589141099949232
stage_in-run_tracksingle,run_tracksingle,tmpfs-tmpfs,26,ssd,12,0.06589141099949232
stage_in-run_tracksingle,run_tracksingle,beegfs,37,ssd,12,0.06589141099949232
stage_in-run_tracksingle,run_tracksingle,beegfs-ssd,13,ssd,12,0.06589141099949232
stage_in-run_tracksingle,run_tracksingle,beegfs-ssd,7,ssd,12,0.06589141099949232
stage_in-run_tracksingle,run_tracksingle,ssd-ssd,13,ssd,12,0.06589141099949232
stage_in-run_tracksingle,run_tracksingle,beegfs-tmpfs,26,ssd,12,0.06589141099949232
stage_in-run_tracksingle,run_tracksingle,beegfs,52,ssd,12,0.06589141099949232
stage_in-run_tracksingle,run_tracksingle,beegfs,3,ssd,12,0.06589141099949232
stage_in-run_tracksingle,run_tracksingle,beegfs,6,ssd,12,0.06589141099949232
stage_in-run_tracksingle,run_tracksingle,tmpfs-tmpfs,7,ssd,12,0.06589141099949232
stage_in-run_tracksingle,run_tracksingle,beegfs,12,ssd,12,0.06589141099949232
stage_in-run_tracksingle,run_tracksingle,beegfs,9,ssd,12,0.06589141099949232
stage_in-run_tracksingle,run_tracksingle,beegfs-tmpfs,13,ssd,12,0.06589141099949232
stage_in-run_tracksingle,run_tracksingle,beegfs,38,ssd,12,0.06589141099949232
stage_in-run_tracksingle,run_tracksingle,beegfs,41,ssd,12,0.06589141099949232
stage_in-run_tracksingle,run_tracksingle,ssd-ssd,7,ssd,12,0.06589141099949232
stage_in-run_tracksingle,run_tracksingle,beegfs,8,ssd,12,0.06589141099949232
stage_in-run_tracksingle,run_tracksingle,beegfs,44,ssd,12,0.06589141099949232
stage_in-run_tracksingle,run_tracksingle,ssd-ssd,26,beegfs,3,0.1710298859663605
stage_in-run_tracksingle,run_tracksingle,beegfs-ssd,13,beegfs,3,0.1710298859663605
stage_in-run_tracksingle,run_tracksingle,beegfs,44,beegfs,3,0.1710298859663605
stage_in-run_tracksingle,run_tracksingle,beegfs,41,beegfs,3,0.1710298859663605
stage_in-run_tracksingle,run_tracksingle,beegfs,9,beegfs,3,0.1710298859663605
stage_in-run_tracksingle,run_tracksingle,beegfs-tmpfs,7,beegfs,3,0.1710298859663605
stage_in-run_tracksingle,run_tracksingle,beegfs,8,beegfs,3,0.1710298859663605
stage_in-run_tracksingle,run_tracksingle,beegfs-tmpfs,26,beegfs,3,0.1710298859663605
stage_in-run_tracksingle,run_tracksingle,beegfs-tmpfs,13,beegfs,3,0.1710298859663605
stage_in-run_tracksingle,run_tracksingle,beegfs,38,beegfs,3,0.1710298859663605
stage_in-run_tracksingle,run_tracksingle,tmpfs-tmpfs,13,beegfs,3,0.1710298859663605
stage_in-run_tracksingle,run_tracksingle,ssd-ssd,13,beegfs,3,0.1710298859663605
stage_in-run_tracksingle,run_tracksingle,beegfs,42,beegfs,3,0.1710298859663605
stage_in-run_tracksingle,run_tracksingle,beegfs,3,beegfs,3,0.1710298859663605
stage_in-run_tracksingle,run_tracksingle,beegfs,39,beegfs,3,0.1710298859663605
stage_in-run_tracksingle,run_tracksingle,beegfs,12,beegfs,3,0.1710298859663605
stage_in-run_tracksingle,run_tracksingle,beegfs,6,beegfs,3,0.1710298859663605
stage_in-run_tracksingle,run_tracksingle,beegfs-ssd,7,beegfs,3,0.1710298859663605
stage_in-run_tracksingle,run_tracksingle,beegfs,18,beegfs,3,0.1710298859663605
stage_in-run_tracksingle,run_tracksingle,ssd-ssd,7,beegfs,3,0.1710298859663605
stage_in-run_tracksingle,run_tracksingle,beegfs,60,beegfs,3,0.1710298859663605
stage_in-run_tracksingle,run_tracksingle,beegfs-ssd,26,beegfs,3,0.1710298859663605
stage_in-run_tracksingle,run_tracksingle,tmpfs-tmpfs,7,beegfs,3,0.1710298859663605
stage_in-run_tracksingle,run_tracksingle,beegfs,52,beegfs,3,0.1710298859663605
stage_in-run_tracksingle,run_tracksingle,tmpfs-tmpfs,26,beegfs,3,0.1710298859663605
stage_in-run_tracksingle,run_tracksingle,beegfs,37,beegfs,3,0.1710298859663605
stage_in-run_tracksingle,run_tracksingle,tmpfs-tmpfs,7,beegfs,6,0.18176636857939704
stage_in-run_tracksingle,run_tracksingle,beegfs-ssd,26,beegfs,6,0.18176636857939704
stage_in-run_tracksingle,run_tracksingle,tmpfs-tmpfs,26,beegfs,6,0.18176636857939704
stage_in-run_tracksingle,run_tracksingle,beegfs,42,beegfs,6,0.18176636857939704
stage_in-run_tracksingle,run_tracksingle,beegfs,44,beegfs,6,0.18176636857939704
stage_in-run_tracksingle,run_tracksingle,beegfs-tmpfs,26,beegfs,6,0.18176636857939704
stage_in-run_tracksingle,run_tracksingle,beegfs,6,beegfs,6,0.18176636857939704
stage_in-run_tracksingle,run_tracksingle,beegfs,9,beegfs,6,0.18176636857939704
stage_in-run_tracksingle,run_tracksingle,beegfs,41,beegfs,6,0.18176636857939704
stage_in-run_tracksingle,run_tracksingle,beegfs,18,beegfs,6,0.18176636857939704
stage_in-run_tracksingle,run_tracksingle,beegfs,52,beegfs,6,0.18176636857939704
stage_in-run_tracksingle,run_tracksingle,ssd-ssd,26,beegfs,6,0.18176636857939704
stage_in-run_tracksingle,run_tracksingle,beegfs-tmpfs,13,beegfs,6,0.18176636857939704
stage_in-run_tracksingle,run_tracksingle,beegfs,37,beegfs,6,0.18176636857939704
stage_in-run_tracksingle,run_tracksingle,beegfs,12,beegfs,6,0.18176636857939704
stage_in-run_tracksingle,run_tracksingle,beegfs,3,beegfs,6,0.18176636857939704
stage_in-run_tracksingle,run_tracksingle,beegfs-ssd,7,beegfs,6,0.18176636857939704
stage_in-run_tracksingle,run_tracksingle,beegfs,8,beegfs,6,0.18176636857939704
stage_in-run_tracksingle,run_tracksingle,tmpfs-tmpfs,13,beegfs,6,0.18176636857939704
stage_in-run_tracksingle,run_tracksingle,beegfs-tmpfs,7,beegfs,6,0.18176636857939704
stage_in-run_tracksingle,run_tracksingle,ssd-ssd,7,beegfs,6,0.18176636857939704
stage_in-run_tracksingle,run_tracksingle,ssd-ssd,13,beegfs,6,0.18176636857939704
stage_in-run_tracksingle,run_tracksingle,beegfs-ssd,13,beegfs,6,0.18176636857939704
stage_in-run_tracksingle,run_tracksingle,beegfs,39,beegfs,6,0.18176636857939704
stage_in-run_tracksingle,run_tracksingle,beegfs,60,beegfs,6,0.18176636857939704
stage_in-run_tracksingle,run_tracksingle,beegfs,38,beegfs,6,0.18176636857939704
stage_in-run_tracksingle,run_tracksingle,beegfs,8,beegfs,12,0.26099265143772277
stage_in-run_tracksingle,run_tracksingle,beegfs,6,beegfs,12,0.26099265143772277
stage_in-run_tracksingle,run_tracksingle,beegfs,18,beegfs,12,0.26099265143772277
stage_in-run_tracksingle,run_tracksingle,beegfs-tmpfs,7,beegfs,12,0.26099265143772277
stage_in-run_tracksingle,run_tracksingle,beegfs,41,beegfs,12,0.26099265143772277
stage_in-run_tracksingle,run_tracksingle,tmpfs-tmpfs,26,beegfs,12,0.26099265143772277
stage_in-run_tracksingle,run_tracksingle,beegfs-tmpfs,26,beegfs,12,0.26099265143772277
stage_in-run_tracksingle,run_tracksingle,beegfs-ssd,26,beegfs,12,0.26099265143772277
stage_in-run_tracksingle,run_tracksingle,beegfs,60,beegfs,12,0.26099265143772277
stage_in-run_tracksingle,run_tracksingle,beegfs,3,beegfs,12,0.26099265143772277
stage_in-run_tracksingle,run_tracksingle,ssd-ssd,26,beegfs,12,0.26099265143772277
stage_in-run_tracksingle,run_tracksingle,tmpfs-tmpfs,13,beegfs,12,0.26099265143772277
stage_in-run_tracksingle,run_tracksingle,beegfs,38,beegfs,12,0.26099265143772277
stage_in-run_tracksingle,run_tracksingle,ssd-ssd,13,beegfs,12,0.26099265143772277
stage_in-run_tracksingle,run_tracksingle,tmpfs-tmpfs,7,beegfs,12,0.26099265143772277
stage_in-run_tracksingle,run_tracksingle,beegfs-ssd,13,beegfs,12,0.26099265143772277
stage_in-run_tracksingle,run_tracksingle,beegfs,52,beegfs,12,0.26099265143772277
stage_in-run_tracksingle,run_tracksingle,beegfs,44,beegfs,12,0.26099265143772277
stage_in-run_tracksingle,run_tracksingle,beegfs-ssd,7,beegfs,12,0.26099265143772277
stage_in-run_tracksingle,run_tracksingle,beegfs,37,beegfs,12,0.26099265143772277
stage_in-run_tracksingle,run_tracksingle,ssd-ssd,7,beegfs,12,0.26099265143772277
stage_in-run_tracksingle,run_tracksingle,beegfs,42,beegfs,12,0.26099265143772277
stage_in-run_tracksingle,run_tracksingle,beegfs,39,beegfs,12,0.26099265143772277
stage_in-run_tracksingle,run_tracksingle,beegfs-tmpfs,13,beegfs,12,0.26099265143772277
stage_in-run_tracksingle,run_tracksingle,beegfs,9,beegfs,12,0.26099265143772277
stage_in-run_tracksingle,run_tracksingle,beegfs,12,beegfs,12,0.26099265143772277
