index_in_subplot,nodes,configuration,total,region
1,2,frequency:beegfs | individuals_merge:beegfs | individuals:tmpfs | mutation_overlap:beegfs | sifting:beegfs,108.18254971398878,22
2,2,frequency:ssd | individuals_merge:beegfs | individuals:tmpfs | mutation_overlap:ssd | sifting:beegfs,131.52666102455464,22
3,2,frequency:ssd | individuals_merge:beegfs | individuals:tmpfs | mutation_overlap:beegfs | sifting:beegfs,132.11909399198902,22
4,2,frequency:beegfs | individuals_merge:beegfs | individuals:tmpfs | mutation_overlap:ssd | sifting:beegfs,132.47750272194267,22
5,2,frequency:tmpfs | individuals_merge:beegfs | individuals:tmpfs | mutation_overlap:tmpfs | sifting:beegfs,136.66920915823508,22
6,2,frequency:tmpfs | individuals_merge:beegfs | individuals:tmpfs | mutation_overlap:ssd | sifting:beegfs,137.0846826362067,22
7,2,frequency:ssd | individuals_merge:beegfs | individuals:tmpfs | mutation_overlap:tmpfs | sifting:beegfs,137.2253097818891,22
8,2,frequency:tmpfs | individuals_merge:beegfs | individuals:tmpfs | mutation_overlap:beegfs | sifting:beegfs,137.4096105246215,22
9,2,frequency:beegfs | individuals_merge:beegfs | individuals:tmpfs | mutation_overlap:tmpfs | sifting:beegfs,137.78099404739928,22
10,2,frequency:beegfs | individuals_merge:beegfs | individuals:tmpfs | mutation_overlap:beegfs | sifting:tmpfs,151.45657070939228,12
11,2,frequency:beegfs | individuals_merge:beegfs | individuals:tmpfs | mutation_overlap:beegfs | sifting:ssd,236.45916009032103,12
12,2,frequency:beegfs | individuals_merge:beegfs | individuals:ssd | mutation_overlap:beegfs | sifting:beegfs,252.91698772249543,21
13,2,frequency:ssd | individuals_merge:beegfs | individuals:ssd | mutation_overlap:ssd | sifting:beegfs,276.2610990330613,21
14,2,frequency:ssd | individuals_merge:beegfs | individuals:ssd | mutation_overlap:beegfs | sifting:beegfs,276.85353200049565,21
15,2,frequency:beegfs | individuals_merge:beegfs | individuals:ssd | mutation_overlap:ssd | sifting:beegfs,277.2119407304493,21
16,2,frequency:tmpfs | individuals_merge:beegfs | individuals:ssd | mutation_overlap:tmpfs | sifting:beegfs,281.40364716674173,21
17,2,frequency:tmpfs | individuals_merge:beegfs | individuals:ssd | mutation_overlap:ssd | sifting:beegfs,281.8191206447134,21
18,2,frequency:ssd | individuals_merge:beegfs | individuals:ssd | mutation_overlap:tmpfs | sifting:beegfs,281.9597477903958,21
19,2,frequency:tmpfs | individuals_merge:beegfs | individuals:ssd | mutation_overlap:beegfs | sifting:beegfs,282.14404853312817,21
20,2,frequency:beegfs | individuals_merge:beegfs | individuals:ssd | mutation_overlap:tmpfs | sifting:beegfs,282.51543205590593,21
21,2,frequency:beegfs | individuals_merge:beegfs | individuals:ssd | mutation_overlap:beegfs | sifting:tmpfs,296.19100871789897,15
22,2,frequency:beegfs | individuals_merge:tmpfs | individuals:tmpfs | mutation_overlap:beegfs | sifting:beegfs,300.4367119302801,19
23,2,frequency:tmpfs | individuals_merge:tmpfs | individuals:tmpfs | mutation_overlap:tmpfs | sifting:beegfs,328.91140112048424,19
24,2,frequency:tmpfs | individuals_merge:tmpfs | individuals:tmpfs | mutation_overlap:beegfs | sifting:beegfs,329.6518024868707,19
25,2,frequency:beegfs | individuals_merge:tmpfs | individuals:tmpfs | mutation_overlap:tmpfs | sifting:beegfs,330.0231860096484,19
26,2,frequency:ssd | individuals_merge:beegfs | individuals:tmpfs | mutation_overlap:ssd | sifting:ssd,334.2004172649979,11
27,2,frequency:ssd | individuals_merge:beegfs | individuals:tmpfs | mutation_overlap:beegfs | sifting:ssd,334.7928502324323,12
28,2,frequency:beegfs | individuals_merge:beegfs | individuals:tmpfs | mutation_overlap:ssd | sifting:ssd,335.15125896238595,11
29,2,frequency:tmpfs | individuals_merge:beegfs | individuals:tmpfs | mutation_overlap:tmpfs | sifting:tmpfs,340.03917504216645,11
30,2,frequency:tmpfs | individuals_merge:beegfs | individuals:tmpfs | mutation_overlap:beegfs | sifting:tmpfs,340.7795764085529,12
31,2,frequency:beegfs | individuals_merge:beegfs | individuals:tmpfs | mutation_overlap:tmpfs | sifting:tmpfs,341.15095993133065,11
32,2,frequency:beegfs | individuals_merge:tmpfs | individuals:tmpfs | mutation_overlap:beegfs | sifting:tmpfs,343.6987626716414,8
33,2,frequency:beegfs | individuals_merge:ssd | individuals:ssd | mutation_overlap:beegfs | sifting:beegfs,353.2547764198732,18
34,2,frequency:ssd | individuals_merge:ssd | individuals:ssd | mutation_overlap:ssd | sifting:beegfs,376.56402345854815,18
35,2,frequency:ssd | individuals_merge:ssd | individuals:ssd | mutation_overlap:beegfs | sifting:beegfs,377.1564564259825,18
36,2,frequency:beegfs | individuals_merge:ssd | individuals:ssd | mutation_overlap:ssd | sifting:beegfs,377.5148651559362,18
37,2,frequency:beegfs | individuals_merge:beegfs | individuals:ssd | mutation_overlap:beegfs | sifting:ssd,381.1935980988277,15
38,2,frequency:beegfs | individuals_merge:ssd | individuals:ssd | mutation_overlap:beegfs | sifting:tmpfs,396.4939331433858,8
39,2,frequency:beegfs | individuals_merge:tmpfs | individuals:tmpfs | mutation_overlap:beegfs | sifting:ssd,428.7013520525702,7
40,2,frequency:ssd | individuals_merge:beegfs | individuals:ssd | mutation_overlap:ssd | sifting:ssd,478.9348552735046,14
41,2,frequency:ssd | individuals_merge:beegfs | individuals:ssd | mutation_overlap:beegfs | sifting:ssd,479.5272882409389,15
42,2,frequency:beegfs | individuals_merge:beegfs | individuals:ssd | mutation_overlap:ssd | sifting:ssd,479.8856969708926,14
43,2,frequency:beegfs | individuals_merge:ssd | individuals:ssd | mutation_overlap:beegfs | sifting:ssd,481.4965225243146,7
44,2,frequency:tmpfs | individuals_merge:beegfs | individuals:ssd | mutation_overlap:tmpfs | sifting:tmpfs,484.7736130506731,14
45,2,frequency:tmpfs | individuals_merge:beegfs | individuals:ssd | mutation_overlap:beegfs | sifting:tmpfs,485.5140144170595,15
46,2,frequency:beegfs | individuals_merge:beegfs | individuals:ssd | mutation_overlap:tmpfs | sifting:tmpfs,485.8853979398373,14
47,2,frequency:tmpfs | individuals_merge:tmpfs | individuals:tmpfs | mutation_overlap:tmpfs | sifting:tmpfs,532.2813670044156,5
48,2,frequency:tmpfs | individuals_merge:tmpfs | individuals:tmpfs | mutation_overlap:beegfs | sifting:tmpfs,533.021768370802,8
49,2,frequency:beegfs | individuals_merge:tmpfs | individuals:tmpfs | mutation_overlap:tmpfs | sifting:tmpfs,533.3931518935798,5
50,2,frequency:ssd | individuals_merge:ssd | individuals:ssd | mutation_overlap:ssd | sifting:ssd,579.2377796989915,5
51,2,frequency:ssd | individuals_merge:ssd | individuals:ssd | mutation_overlap:beegfs | sifting:ssd,579.8302126664257,7
52,2,frequency:beegfs | individuals_merge:ssd | individuals:ssd | mutation_overlap:ssd | sifting:ssd,580.1886213963795,5
53,2,frequency:beegfs | individuals_merge:beegfs | individuals:beegfs | mutation_overlap:beegfs | sifting:beegfs,1402.9815717748334,31
54,2,frequency:ssd | individuals_merge:beegfs | individuals:beegfs | mutation_overlap:ssd | sifting:beegfs,1426.3256830853993,31
55,2,frequency:beegfs | individuals_merge:ssd | individuals:beegfs | mutation_overlap:beegfs | sifting:beegfs,1426.4173772018355,31
56,2,frequency:ssd | individuals_merge:beegfs | individuals:beegfs | mutation_overlap:beegfs | sifting:beegfs,1426.9181160528335,31
57,2,frequency:beegfs | individuals_merge:beegfs | individuals:beegfs | mutation_overlap:ssd | sifting:beegfs,1427.2765247827872,31
58,2,frequency:beegfs | individuals_merge:tmpfs | individuals:beegfs | mutation_overlap:beegfs | sifting:beegfs,1429.699186232188,31
59,2,frequency:tmpfs | individuals_merge:beegfs | individuals:beegfs | mutation_overlap:tmpfs | sifting:beegfs,1431.4682312190796,31
60,2,frequency:tmpfs | individuals_merge:beegfs | individuals:beegfs | mutation_overlap:ssd | sifting:beegfs,1431.8837046970514,31
61,2,frequency:ssd | individuals_merge:beegfs | individuals:beegfs | mutation_overlap:tmpfs | sifting:beegfs,1432.0243318427338,31
62,2,frequency:tmpfs | individuals_merge:beegfs | individuals:beegfs | mutation_overlap:beegfs | sifting:beegfs,1432.208632585466,31
63,2,frequency:beegfs | individuals_merge:beegfs | individuals:beegfs | mutation_overlap:tmpfs | sifting:beegfs,1432.580016108244,31
64,2,frequency:beegfs | individuals_merge:beegfs | individuals:beegfs | mutation_overlap:beegfs | sifting:tmpfs,1446.2555927702367,29
65,2,frequency:ssd | individuals_merge:ssd | individuals:beegfs | mutation_overlap:ssd | sifting:beegfs,1449.7266242405103,31
66,2,frequency:ssd | individuals_merge:ssd | individuals:beegfs | mutation_overlap:beegfs | sifting:beegfs,1450.3190572079448,31
67,2,frequency:beegfs | individuals_merge:ssd | individuals:beegfs | mutation_overlap:ssd | sifting:beegfs,1450.6774659378984,31
68,2,frequency:tmpfs | individuals_merge:tmpfs | individuals:beegfs | mutation_overlap:tmpfs | sifting:beegfs,1458.1738754223927,31
69,2,frequency:tmpfs | individuals_merge:tmpfs | individuals:beegfs | mutation_overlap:beegfs | sifting:beegfs,1458.914276788779,31
70,2,frequency:beegfs | individuals_merge:tmpfs | individuals:beegfs | mutation_overlap:tmpfs | sifting:beegfs,1459.2856603115567,31
71,2,frequency:beegfs | individuals_merge:ssd | individuals:beegfs | mutation_overlap:beegfs | sifting:tmpfs,1469.6474464086918,29
72,2,frequency:beegfs | individuals_merge:tmpfs | individuals:beegfs | mutation_overlap:beegfs | sifting:tmpfs,1472.951757061216,29
73,2,frequency:beegfs | individuals_merge:beegfs | individuals:beegfs | mutation_overlap:beegfs | sifting:ssd,1531.2581821511658,30
74,2,frequency:beegfs | individuals_merge:ssd | individuals:beegfs | mutation_overlap:beegfs | sifting:ssd,1554.650035789621,30
75,2,frequency:beegfs | individuals_merge:tmpfs | individuals:beegfs | mutation_overlap:beegfs | sifting:ssd,1557.9543464421447,30
76,2,frequency:ssd | individuals_merge:beegfs | individuals:beegfs | mutation_overlap:ssd | sifting:ssd,1628.9994393258426,25
77,2,frequency:ssd | individuals_merge:beegfs | individuals:beegfs | mutation_overlap:beegfs | sifting:ssd,1629.591872293277,27
78,2,frequency:beegfs | individuals_merge:beegfs | individuals:beegfs | mutation_overlap:ssd | sifting:ssd,1629.950281023231,25
79,2,frequency:tmpfs | individuals_merge:beegfs | individuals:beegfs | mutation_overlap:tmpfs | sifting:tmpfs,1634.838197103011,25
80,2,frequency:tmpfs | individuals_merge:beegfs | individuals:beegfs | mutation_overlap:beegfs | sifting:tmpfs,1635.578598469397,27
81,2,frequency:beegfs | individuals_merge:beegfs | individuals:beegfs | mutation_overlap:tmpfs | sifting:tmpfs,1635.9499819921753,25
82,2,frequency:ssd | individuals_merge:ssd | individuals:beegfs | mutation_overlap:ssd | sifting:ssd,1652.3912929642977,25
83,2,frequency:ssd | individuals_merge:ssd | individuals:beegfs | mutation_overlap:beegfs | sifting:ssd,1652.983725931732,27
84,2,frequency:beegfs | individuals_merge:ssd | individuals:beegfs | mutation_overlap:ssd | sifting:ssd,1653.3421346616856,25
85,2,frequency:tmpfs | individuals_merge:tmpfs | individuals:beegfs | mutation_overlap:tmpfs | sifting:tmpfs,1661.53436139399,25
86,2,frequency:tmpfs | individuals_merge:tmpfs | individuals:beegfs | mutation_overlap:beegfs | sifting:tmpfs,1662.2747627603762,27
87,2,frequency:beegfs | individuals_merge:tmpfs | individuals:beegfs | mutation_overlap:tmpfs | sifting:tmpfs,1662.6461462831542,25
1,5,frequency:beegfs | individuals_merge:beegfs | individuals:tmpfs | mutation_overlap:beegfs | sifting:beegfs,83.8751635007426,70
2,5,frequency:ssd | individuals_merge:beegfs | individuals:tmpfs | mutation_overlap:ssd | sifting:beegfs,107.46017039584936,70
3,5,frequency:ssd | individuals_merge:beegfs | individuals:tmpfs | mutation_overlap:beegfs | sifting:beegfs,107.9469139940136,70
4,5,frequency:beegfs | individuals_merge:beegfs | individuals:tmpfs | mutation_overlap:ssd | sifting:beegfs,108.17011650869652,70
5,5,frequency:tmpfs | individuals_merge:beegfs | individuals:tmpfs | mutation_overlap:tmpfs | sifting:beegfs,112.71858288799436,70
6,5,frequency:tmpfs | individuals_merge:beegfs | individuals:tmpfs | mutation_overlap:ssd | sifting:beegfs,113.11312165929488,70
7,5,frequency:ssd | individuals_merge:beegfs | individuals:tmpfs | mutation_overlap:tmpfs | sifting:beegfs,113.15881915318384,70
8,5,frequency:tmpfs | individuals_merge:beegfs | individuals:tmpfs | mutation_overlap:beegfs | sifting:beegfs,113.23743052664612,70
9,5,frequency:beegfs | individuals_merge:beegfs | individuals:tmpfs | mutation_overlap:tmpfs | sifting:beegfs,113.4736078341531,70
10,5,frequency:beegfs | individuals_merge:beegfs | individuals:tmpfs | mutation_overlap:beegfs | sifting:tmpfs,128.86380856031457,58
11,5,frequency:beegfs | individuals_merge:beegfs | individuals:ssd | mutation_overlap:beegfs | sifting:beegfs,169.27636843328474,68
12,5,frequency:beegfs | individuals_merge:beegfs | individuals:beegfs | mutation_overlap:beegfs | sifting:beegfs,180.22635112928631,68
13,5,frequency:ssd | individuals_merge:beegfs | individuals:ssd | mutation_overlap:ssd | sifting:beegfs,192.8613753283915,68
14,5,frequency:ssd | individuals_merge:beegfs | individuals:ssd | mutation_overlap:beegfs | sifting:beegfs,193.34811892655577,68
15,5,frequency:beegfs | individuals_merge:beegfs | individuals:ssd | mutation_overlap:ssd | sifting:beegfs,193.57132144123864,68
16,5,frequency:tmpfs | individuals_merge:beegfs | individuals:ssd | mutation_overlap:tmpfs | sifting:beegfs,198.1197878205365,68
17,5,frequency:tmpfs | individuals_merge:beegfs | individuals:ssd | mutation_overlap:ssd | sifting:beegfs,198.514326591837,68
18,5,frequency:ssd | individuals_merge:beegfs | individuals:ssd | mutation_overlap:tmpfs | sifting:beegfs,198.56002408572596,68
19,5,frequency:tmpfs | individuals_merge:beegfs | individuals:ssd | mutation_overlap:beegfs | sifting:beegfs,198.63863545918824,68
20,5,frequency:beegfs | individuals_merge:beegfs | individuals:ssd | mutation_overlap:tmpfs | sifting:beegfs,198.87481276669524,68
21,5,frequency:beegfs | individuals_merge:ssd | individuals:beegfs | mutation_overlap:beegfs | sifting:beegfs,203.66215655628832,64
22,5,frequency:ssd | individuals_merge:beegfs | individuals:beegfs | mutation_overlap:ssd | sifting:beegfs,203.81135802439303,68
23,5,frequency:ssd | individuals_merge:beegfs | individuals:beegfs | mutation_overlap:beegfs | sifting:beegfs,204.29810162255728,68
24,5,frequency:beegfs | individuals_merge:beegfs | individuals:beegfs | mutation_overlap:ssd | sifting:beegfs,204.5213041372402,68
25,5,frequency:beegfs | individuals_merge:tmpfs | individuals:beegfs | mutation_overlap:beegfs | sifting:beegfs,206.94396558664127,64
26,5,frequency:tmpfs | individuals_merge:beegfs | individuals:beegfs | mutation_overlap:tmpfs | sifting:beegfs,209.06977051653809,68
27,5,frequency:tmpfs | individuals_merge:beegfs | individuals:beegfs | mutation_overlap:ssd | sifting:beegfs,209.46430928783855,68
28,5,frequency:ssd | individuals_merge:beegfs | individuals:beegfs | mutation_overlap:tmpfs | sifting:beegfs,209.51000678172753,68
29,5,frequency:tmpfs | individuals_merge:beegfs | individuals:beegfs | mutation_overlap:beegfs | sifting:beegfs,209.5886181551898,68
30,5,frequency:beegfs | individuals_merge:beegfs | individuals:beegfs | mutation_overlap:tmpfs | sifting:beegfs,209.8247954626968,68
31,5,frequency:beegfs | individuals_merge:beegfs | individuals:ssd | mutation_overlap:beegfs | sifting:tmpfs,214.26501349285672,58
32,5,frequency:beegfs | individuals_merge:beegfs | individuals:tmpfs | mutation_overlap:beegfs | sifting:ssd,214.38466091448063,59
33,5,frequency:beegfs | individuals_merge:beegfs | individuals:beegfs | mutation_overlap:beegfs | sifting:tmpfs,225.2149961888583,58
34,5,frequency:ssd | individuals_merge:ssd | individuals:beegfs | mutation_overlap:ssd | sifting:beegfs,227.2122991795042,64
35,5,frequency:ssd | individuals_merge:ssd | individuals:beegfs | mutation_overlap:beegfs | sifting:beegfs,227.69904277766844,64
36,5,frequency:beegfs | individuals_merge:ssd | individuals:beegfs | mutation_overlap:ssd | sifting:beegfs,227.9222452923513,64
37,5,frequency:tmpfs | individuals_merge:tmpfs | individuals:beegfs | mutation_overlap:tmpfs | sifting:beegfs,235.7754147198508,64
38,5,frequency:tmpfs | individuals_merge:tmpfs | individuals:beegfs | mutation_overlap:beegfs | sifting:beegfs,236.29426235850255,64
39,5,frequency:beegfs | individuals_merge:tmpfs | individuals:beegfs | mutation_overlap:tmpfs | sifting:beegfs,236.53043966600956,64
40,5,frequency:beegfs | individuals_merge:ssd | individuals:beegfs | mutation_overlap:beegfs | sifting:tmpfs,248.60684982731337,56
41,5,frequency:beegfs | individuals_merge:tmpfs | individuals:beegfs | mutation_overlap:beegfs | sifting:tmpfs,251.9111604798372,56
42,5,frequency:beegfs | individuals_merge:ssd | individuals:ssd | mutation_overlap:beegfs | sifting:beegfs,269.6141571306625,62
43,5,frequency:beegfs | individuals_merge:tmpfs | individuals:tmpfs | mutation_overlap:beegfs | sifting:beegfs,276.1293257170339,62
44,5,frequency:ssd | individuals_merge:ssd | individuals:ssd | mutation_overlap:ssd | sifting:beegfs,293.16429975387837,62
45,5,frequency:ssd | individuals_merge:ssd | individuals:ssd | mutation_overlap:beegfs | sifting:beegfs,293.6510433520426,62
46,5,frequency:beegfs | individuals_merge:ssd | individuals:ssd | mutation_overlap:ssd | sifting:beegfs,293.8742458667255,62
47,5,frequency:beegfs | individuals_merge:beegfs | individuals:ssd | mutation_overlap:beegfs | sifting:ssd,299.7858658470228,59
48,5,frequency:tmpfs | individuals_merge:tmpfs | individuals:tmpfs | mutation_overlap:tmpfs | sifting:beegfs,304.9607748502435,62
49,5,frequency:tmpfs | individuals_merge:tmpfs | individuals:tmpfs | mutation_overlap:beegfs | sifting:beegfs,305.47962248889525,62
50,5,frequency:beegfs | individuals_merge:tmpfs | individuals:tmpfs | mutation_overlap:tmpfs | sifting:beegfs,305.7157997964022,62
51,5,frequency:beegfs | individuals_merge:beegfs | individuals:beegfs | mutation_overlap:beegfs | sifting:ssd,310.7358485430244,59
52,5,frequency:ssd | individuals_merge:beegfs | individuals:tmpfs | mutation_overlap:ssd | sifting:ssd,312.3668136736984,40
53,5,frequency:ssd | individuals_merge:beegfs | individuals:tmpfs | mutation_overlap:beegfs | sifting:ssd,312.85355727186266,48
54,5,frequency:beegfs | individuals_merge:beegfs | individuals:tmpfs | mutation_overlap:ssd | sifting:ssd,313.07675978654555,40
55,5,frequency:beegfs | individuals_merge:ssd | individuals:ssd | mutation_overlap:beegfs | sifting:tmpfs,314.5679379183436,52
56,5,frequency:tmpfs | individuals_merge:beegfs | individuals:tmpfs | mutation_overlap:tmpfs | sifting:tmpfs,317.8031728360942,40
57,5,frequency:tmpfs | individuals_merge:beegfs | individuals:tmpfs | mutation_overlap:beegfs | sifting:tmpfs,318.32202047474595,48
58,5,frequency:beegfs | individuals_merge:beegfs | individuals:tmpfs | mutation_overlap:tmpfs | sifting:tmpfs,318.55819778225293,40
59,5,frequency:beegfs | individuals_merge:tmpfs | individuals:tmpfs | mutation_overlap:beegfs | sifting:tmpfs,321.1060005225637,52
60,5,frequency:beegfs | individuals_merge:ssd | individuals:beegfs | mutation_overlap:beegfs | sifting:ssd,334.1277021814795,55
61,5,frequency:beegfs | individuals_merge:tmpfs | individuals:beegfs | mutation_overlap:beegfs | sifting:ssd,337.43201283400333,55
62,5,frequency:ssd | individuals_merge:beegfs | individuals:ssd | mutation_overlap:ssd | sifting:ssd,397.7680186062405,39
63,5,frequency:ssd | individuals_merge:beegfs | individuals:ssd | mutation_overlap:beegfs | sifting:ssd,398.2547622044048,47
64,5,frequency:beegfs | individuals_merge:beegfs | individuals:ssd | mutation_overlap:ssd | sifting:ssd,398.4779647190877,39
65,5,frequency:beegfs | individuals_merge:ssd | individuals:ssd | mutation_overlap:beegfs | sifting:ssd,400.0887902725097,53
66,5,frequency:tmpfs | individuals_merge:beegfs | individuals:ssd | mutation_overlap:tmpfs | sifting:tmpfs,403.2043777686363,39
67,5,frequency:tmpfs | individuals_merge:beegfs | individuals:ssd | mutation_overlap:beegfs | sifting:tmpfs,403.72322540728806,47
68,5,frequency:beegfs | individuals_merge:beegfs | individuals:ssd | mutation_overlap:tmpfs | sifting:tmpfs,403.95940271479503,39
69,5,frequency:beegfs | individuals_merge:tmpfs | individuals:tmpfs | mutation_overlap:beegfs | sifting:ssd,406.6268528767298,53
70,5,frequency:ssd | individuals_merge:beegfs | individuals:beegfs | mutation_overlap:ssd | sifting:ssd,408.7180013022421,39
71,5,frequency:ssd | individuals_merge:beegfs | individuals:beegfs | mutation_overlap:beegfs | sifting:ssd,409.2047449004063,47
72,5,frequency:beegfs | individuals_merge:beegfs | individuals:beegfs | mutation_overlap:ssd | sifting:ssd,409.4279474150893,39
73,5,frequency:tmpfs | individuals_merge:beegfs | individuals:beegfs | mutation_overlap:tmpfs | sifting:tmpfs,414.1543604646379,39
74,5,frequency:tmpfs | individuals_merge:beegfs | individuals:beegfs | mutation_overlap:beegfs | sifting:tmpfs,414.67320810328965,47
75,5,frequency:beegfs | individuals_merge:beegfs | individuals:beegfs | mutation_overlap:tmpfs | sifting:tmpfs,414.90938541079663,39
76,5,frequency:ssd | individuals_merge:ssd | individuals:beegfs | mutation_overlap:ssd | sifting:ssd,432.1098549406972,37
77,5,frequency:ssd | individuals_merge:ssd | individuals:beegfs | mutation_overlap:beegfs | sifting:ssd,432.59659853886143,45
78,5,frequency:beegfs | individuals_merge:ssd | individuals:beegfs | mutation_overlap:ssd | sifting:ssd,432.8198010535443,37
79,5,frequency:tmpfs | individuals_merge:tmpfs | individuals:beegfs | mutation_overlap:tmpfs | sifting:tmpfs,440.8505247556169,37
80,5,frequency:tmpfs | individuals_merge:tmpfs | individuals:beegfs | mutation_overlap:beegfs | sifting:tmpfs,441.36937239426857,45
81,5,frequency:beegfs | individuals_merge:tmpfs | individuals:beegfs | mutation_overlap:tmpfs | sifting:tmpfs,441.60554970177554,37
82,5,frequency:ssd | individuals_merge:ssd | individuals:ssd | mutation_overlap:ssd | sifting:ssd,498.0709430317274,36
83,5,frequency:ssd | individuals_merge:ssd | individuals:ssd | mutation_overlap:beegfs | sifting:ssd,498.5576866298916,44
84,5,frequency:beegfs | individuals_merge:ssd | individuals:ssd | mutation_overlap:ssd | sifting:ssd,498.7808891445746,36
85,5,frequency:tmpfs | individuals_merge:tmpfs | individuals:tmpfs | mutation_overlap:tmpfs | sifting:tmpfs,510.04536479834337,36
86,5,frequency:tmpfs | individuals_merge:tmpfs | individuals:tmpfs | mutation_overlap:beegfs | sifting:tmpfs,510.5642124369951,44
87,5,frequency:beegfs | individuals_merge:tmpfs | individuals:tmpfs | mutation_overlap:tmpfs | sifting:tmpfs,510.80038974450207,36
1,10,frequency:beegfs | individuals_merge:beegfs | individuals:tmpfs | mutation_overlap:beegfs | sifting:beegfs,75.30352469269366,70
2,10,frequency:ssd | individuals_merge:beegfs | individuals:tmpfs | mutation_overlap:ssd | sifting:beegfs,99.22721358993392,70
3,10,frequency:ssd | individuals_merge:beegfs | individuals:tmpfs | mutation_overlap:beegfs | sifting:beegfs,99.54743149864164,70
4,10,frequency:beegfs | individuals_merge:beegfs | individuals:tmpfs | mutation_overlap:ssd | sifting:beegfs,99.59847770064756,70
5,10,frequency:tmpfs | individuals_merge:beegfs | individuals:tmpfs | mutation_overlap:tmpfs | sifting:beegfs,104.58942724473371,70
6,10,frequency:tmpfs | individuals_merge:beegfs | individuals:tmpfs | mutation_overlap:beegfs | sifting:beegfs,104.83794803127417,70
7,10,frequency:beegfs | individuals_merge:beegfs | individuals:tmpfs | mutation_overlap:tmpfs | sifting:beegfs,104.90196902610415,70
8,10,frequency:ssd | individuals_merge:beegfs | individuals:tmpfs | mutation_overlap:tmpfs | sifting:beegfs,104.9258623472684,70
9,10,frequency:tmpfs | individuals_merge:beegfs | individuals:tmpfs | mutation_overlap:ssd | sifting:beegfs,104.98396601603424,70
10,10,frequency:beegfs | individuals_merge:beegfs | individuals:tmpfs | mutation_overlap:beegfs | sifting:tmpfs,125.75231285352658,58
11,10,frequency:beegfs | individuals_merge:beegfs | individuals:beegfs | mutation_overlap:beegfs | sifting:beegfs,135.50791863352242,69
12,10,frequency:beegfs | individuals_merge:ssd | individuals:beegfs | mutation_overlap:beegfs | sifting:beegfs,158.94372406052443,65
13,10,frequency:ssd | individuals_merge:beegfs | individuals:beegfs | mutation_overlap:ssd | sifting:beegfs,159.43160753076268,69
14,10,frequency:ssd | individuals_merge:beegfs | individuals:beegfs | mutation_overlap:beegfs | sifting:beegfs,159.7518254394704,69
15,10,frequency:beegfs | individuals_merge:beegfs | individuals:beegfs | mutation_overlap:ssd | sifting:beegfs,159.80287164147632,69
16,10,frequency:beegfs | individuals_merge:beegfs | individuals:ssd | mutation_overlap:beegfs | sifting:beegfs,160.8415491317128,69
17,10,frequency:beegfs | individuals_merge:tmpfs | individuals:beegfs | mutation_overlap:beegfs | sifting:beegfs,162.22553309087738,65
18,10,frequency:tmpfs | individuals_merge:beegfs | individuals:beegfs | mutation_overlap:tmpfs | sifting:beegfs,164.79382118556248,69
19,10,frequency:tmpfs | individuals_merge:beegfs | individuals:beegfs | mutation_overlap:beegfs | sifting:beegfs,165.04234197210292,69
20,10,frequency:beegfs | individuals_merge:beegfs | individuals:beegfs | mutation_overlap:tmpfs | sifting:beegfs,165.10636296693292,69
21,10,frequency:ssd | individuals_merge:beegfs | individuals:beegfs | mutation_overlap:tmpfs | sifting:beegfs,165.13025628809714,69
22,10,frequency:tmpfs | individuals_merge:beegfs | individuals:beegfs | mutation_overlap:ssd | sifting:beegfs,165.188359956863,69
23,10,frequency:ssd | individuals_merge:ssd | individuals:beegfs | mutation_overlap:ssd | sifting:beegfs,182.83254868587383,65
24,10,frequency:ssd | individuals_merge:ssd | individuals:beegfs | mutation_overlap:beegfs | sifting:beegfs,183.15276659458155,65
25,10,frequency:beegfs | individuals_merge:ssd | individuals:beegfs | mutation_overlap:ssd | sifting:beegfs,183.20381279658744,65
26,10,frequency:ssd | individuals_merge:beegfs | individuals:ssd | mutation_overlap:ssd | sifting:beegfs,184.76523802895304,69
27,10,frequency:ssd | individuals_merge:beegfs | individuals:ssd | mutation_overlap:beegfs | sifting:beegfs,185.0854559376608,69
28,10,frequency:beegfs | individuals_merge:beegfs | individuals:ssd | mutation_overlap:ssd | sifting:beegfs,185.1365021396667,69
29,10,frequency:beegfs | individuals_merge:beegfs | individuals:beegfs | mutation_overlap:beegfs | sifting:tmpfs,185.95670679435537,58
30,10,frequency:tmpfs | individuals_merge:beegfs | individuals:ssd | mutation_overlap:tmpfs | sifting:beegfs,190.12745168375284,69
31,10,frequency:tmpfs | individuals_merge:beegfs | individuals:ssd | mutation_overlap:beegfs | sifting:beegfs,190.37597247029328,69
32,10,frequency:beegfs | individuals_merge:beegfs | individuals:ssd | mutation_overlap:tmpfs | sifting:beegfs,190.43999346512328,69
33,10,frequency:ssd | individuals_merge:beegfs | individuals:ssd | mutation_overlap:tmpfs | sifting:beegfs,190.46388678628753,69
34,10,frequency:tmpfs | individuals_merge:beegfs | individuals:ssd | mutation_overlap:ssd | sifting:beegfs,190.52199045505336,69
35,10,frequency:tmpfs | individuals_merge:tmpfs | individuals:beegfs | mutation_overlap:tmpfs | sifting:beegfs,191.49946538887525,65
36,10,frequency:tmpfs | individuals_merge:tmpfs | individuals:beegfs | mutation_overlap:beegfs | sifting:beegfs,191.7479861754157,65
37,10,frequency:beegfs | individuals_merge:tmpfs | individuals:beegfs | mutation_overlap:tmpfs | sifting:beegfs,191.8120071702457,65
38,10,frequency:beegfs | individuals_merge:ssd | individuals:beegfs | mutation_overlap:beegfs | sifting:tmpfs,209.34856043281044,56
39,10,frequency:beegfs | individuals_merge:beegfs | individuals:tmpfs | mutation_overlap:beegfs | sifting:ssd,210.8606943251408,59
40,10,frequency:beegfs | individuals_merge:beegfs | individuals:ssd | mutation_overlap:beegfs | sifting:tmpfs,211.29033729254573,58
41,10,frequency:beegfs | individuals_merge:tmpfs | individuals:beegfs | mutation_overlap:beegfs | sifting:tmpfs,212.65287108533428,56
42,10,frequency:beegfs | individuals_merge:ssd | individuals:ssd | mutation_overlap:beegfs | sifting:beegfs,261.17933782909057,62
43,10,frequency:beegfs | individuals_merge:tmpfs | individuals:tmpfs | mutation_overlap:beegfs | sifting:beegfs,267.557686908985,62
44,10,frequency:beegfs | individuals_merge:beegfs | individuals:beegfs | mutation_overlap:beegfs | sifting:ssd,271.06508826596956,59
45,10,frequency:ssd | individuals_merge:ssd | individuals:ssd | mutation_overlap:ssd | sifting:beegfs,285.0681624544399,62
46,10,frequency:ssd | individuals_merge:ssd | individuals:ssd | mutation_overlap:beegfs | sifting:beegfs,285.3883803631477,62
47,10,frequency:beegfs | individuals_merge:ssd | individuals:ssd | mutation_overlap:ssd | sifting:beegfs,285.43942656515355,62
48,10,frequency:beegfs | individuals_merge:ssd | individuals:beegfs | mutation_overlap:beegfs | sifting:ssd,294.45694190442464,55
49,10,frequency:beegfs | individuals_merge:beegfs | individuals:ssd | mutation_overlap:beegfs | sifting:ssd,296.3987187641599,59
50,10,frequency:tmpfs | individuals_merge:tmpfs | individuals:tmpfs | mutation_overlap:tmpfs | sifting:beegfs,296.83161920698285,62
51,10,frequency:tmpfs | individuals_merge:tmpfs | individuals:tmpfs | mutation_overlap:beegfs | sifting:beegfs,297.0801399935233,62
52,10,frequency:beegfs | individuals_merge:tmpfs | individuals:tmpfs | mutation_overlap:tmpfs | sifting:beegfs,297.1441609883533,62
53,10,frequency:beegfs | individuals_merge:tmpfs | individuals:beegfs | mutation_overlap:beegfs | sifting:ssd,297.76125255694853,55
54,10,frequency:ssd | individuals_merge:beegfs | individuals:tmpfs | mutation_overlap:ssd | sifting:ssd,309.181529086492,40
55,10,frequency:ssd | individuals_merge:beegfs | individuals:tmpfs | mutation_overlap:beegfs | sifting:ssd,309.5017469951997,48
56,10,frequency:beegfs | individuals_merge:beegfs | individuals:tmpfs | mutation_overlap:ssd | sifting:ssd,309.5527931972057,40
57,10,frequency:beegfs | individuals_merge:ssd | individuals:ssd | mutation_overlap:beegfs | sifting:tmpfs,311.59326171803264,52
58,10,frequency:tmpfs | individuals_merge:beegfs | individuals:tmpfs | mutation_overlap:tmpfs | sifting:tmpfs,315.1341602940945,40
59,10,frequency:tmpfs | individuals_merge:beegfs | individuals:tmpfs | mutation_overlap:beegfs | sifting:tmpfs,315.38268108063494,48
60,10,frequency:beegfs | individuals_merge:beegfs | individuals:tmpfs | mutation_overlap:tmpfs | sifting:tmpfs,315.44670207546494,40
61,10,frequency:beegfs | individuals_merge:tmpfs | individuals:tmpfs | mutation_overlap:beegfs | sifting:tmpfs,317.9945048157757,52
62,10,frequency:ssd | individuals_merge:beegfs | individuals:beegfs | mutation_overlap:ssd | sifting:ssd,369.3859230273208,39
63,10,frequency:ssd | individuals_merge:beegfs | individuals:beegfs | mutation_overlap:beegfs | sifting:ssd,369.70614093602853,47
64,10,frequency:beegfs | individuals_merge:beegfs | individuals:beegfs | mutation_overlap:ssd | sifting:ssd,369.7571871380344,39
65,10,frequency:tmpfs | individuals_merge:beegfs | individuals:beegfs | mutation_overlap:tmpfs | sifting:tmpfs,375.33855423492327,39
66,10,frequency:tmpfs | individuals_merge:beegfs | individuals:beegfs | mutation_overlap:beegfs | sifting:tmpfs,375.5870750214637,47
67,10,frequency:beegfs | individuals_merge:beegfs | individuals:beegfs | mutation_overlap:tmpfs | sifting:tmpfs,375.6510960162937,39
68,10,frequency:ssd | individuals_merge:ssd | individuals:beegfs | mutation_overlap:ssd | sifting:ssd,392.7777766657759,37
69,10,frequency:ssd | individuals_merge:ssd | individuals:beegfs | mutation_overlap:beegfs | sifting:ssd,393.0979945744836,45
70,10,frequency:beegfs | individuals_merge:ssd | individuals:beegfs | mutation_overlap:ssd | sifting:ssd,393.1490407764895,37
71,10,frequency:ssd | individuals_merge:beegfs | individuals:ssd | mutation_overlap:ssd | sifting:ssd,394.7195535255112,39
72,10,frequency:ssd | individuals_merge:beegfs | individuals:ssd | mutation_overlap:beegfs | sifting:ssd,395.0397714342189,47
73,10,frequency:beegfs | individuals_merge:beegfs | individuals:ssd | mutation_overlap:ssd | sifting:ssd,395.0908176362248,39
74,10,frequency:beegfs | individuals_merge:ssd | individuals:ssd | mutation_overlap:beegfs | sifting:ssd,396.70164318964686,53
75,10,frequency:tmpfs | individuals_merge:beegfs | individuals:ssd | mutation_overlap:tmpfs | sifting:tmpfs,400.6721847331136,39
76,10,frequency:tmpfs | individuals_merge:beegfs | individuals:ssd | mutation_overlap:beegfs | sifting:tmpfs,400.92070551965406,47
77,10,frequency:beegfs | individuals_merge:beegfs | individuals:ssd | mutation_overlap:tmpfs | sifting:tmpfs,400.98472651448407,39
78,10,frequency:tmpfs | individuals_merge:tmpfs | individuals:beegfs | mutation_overlap:tmpfs | sifting:tmpfs,402.03471852590224,37
79,10,frequency:tmpfs | individuals_merge:tmpfs | individuals:beegfs | mutation_overlap:beegfs | sifting:tmpfs,402.2832393124427,45
80,10,frequency:beegfs | individuals_merge:tmpfs | individuals:beegfs | mutation_overlap:tmpfs | sifting:tmpfs,402.3472603072727,37
81,10,frequency:beegfs | individuals_merge:tmpfs | individuals:tmpfs | mutation_overlap:beegfs | sifting:ssd,403.10288628738994,53
82,10,frequency:ssd | individuals_merge:ssd | individuals:ssd | mutation_overlap:ssd | sifting:ssd,495.02247795099805,36
83,10,frequency:ssd | individuals_merge:ssd | individuals:ssd | mutation_overlap:beegfs | sifting:ssd,495.34269585970577,44
84,10,frequency:beegfs | individuals_merge:ssd | individuals:ssd | mutation_overlap:ssd | sifting:ssd,495.3937420617117,36
85,10,frequency:tmpfs | individuals_merge:tmpfs | individuals:tmpfs | mutation_overlap:tmpfs | sifting:tmpfs,507.3763522563437,36
86,10,frequency:tmpfs | individuals_merge:tmpfs | individuals:tmpfs | mutation_overlap:beegfs | sifting:tmpfs,507.6248730428841,44
87,10,frequency:beegfs | individuals_merge:tmpfs | individuals:tmpfs | mutation_overlap:tmpfs | sifting:tmpfs,507.6888940377141,36
