nodes,total,individuals_stor,individuals_merge_stor,sifting_stor,frequency_stor,mutation_overlap_stor,lam_read_beegfs,lam_write_beegfs,lam_read_ssd,lam_write_ssd,lam_read_tmpfs,lam_write_tmpfs,lam_in_total,lam_out_total,exec_beegfs_share,exec_local_share,movement_share
10,75.30352469269366,tmpfs,beegfs,beegfs,beegfs,beegfs,0.0,0.0,0.0,0.0,0.0,0.0,0.0,0.0,0.0,0.0,0.0
5,83.8751635007426,tmpfs,beegfs,beegfs,beegfs,beegfs,0.0,0.0,0.0,0.0,0.0,0.0,0.0,0.0,0.0,0.0,0.0
10,99.22721358993392,tmpfs,beegfs,beegfs,ssd,ssd,0.0,0.0,0.0,0.0,0.0,0.0,0.0,0.0,0.0,0.0,0.0
10,99.54743149864164,tmpfs,beegfs,beegfs,ssd,beegfs,0.0,0.0,0.0,0.0,0.0,0.0,0.0,0.0,0.0,0.0,0.0
10,99.59847770064756,tmpfs,beegfs,beegfs,beegfs,ssd,0.0,0.0,0.0,0.0,0.0,0.0,0.0,0.0,0.0,0.0,0.0
10,104.58942724473371,tmpfs,beegfs,beegfs,tmpfs,tmpfs,0.0,0.0,0.0,0.0,0.0,0.0,0.0,0.0,0.0,0.0,0.0
10,104.83794803127417,tmpfs,beegfs,beegfs,tmpfs,beegfs,0.0,0.0,0.0,0.0,0.0,0.0,0.0,0.0,0.0,0.0,0.0
10,104.90196902610415,tmpfs,beegfs,beegfs,beegfs,tmpfs,0.0,0.0,0.0,0.0,0.0,0.0,0.0,0.0,0.0,0.0,0.0
10,104.9258623472684,tmpfs,beegfs,beegfs,ssd,tmpfs,0.0,0.0,0.0,0.0,0.0,0.0,0.0,0.0,0.0,0.0,0.0
10,104.98396601603424,tmpfs,beegfs,beegfs,tmpfs,ssd,0.0,0.0,0.0,0.0,0.0,0.0,0.0,0.0,0.0,0.0,0.0
5,107.46017039584936,tmpfs,beegfs,beegfs,ssd,ssd,0.0,0.0,0.0,0.0,0.0,0.0,0.0,0.0,0.0,0.0,0.0
5,107.9469139940136,tmpfs,beegfs,beegfs,ssd,beegfs,0.0,0.0,0.0,0.0,0.0,0.0,0.0,0.0,0.0,0.0,0.0
5,108.17011650869652,tmpfs,beegfs,beegfs,beegfs,ssd,0.0,0.0,0.0,0.0,0.0,0.0,0.0,0.0,0.0,0.0,0.0
2,108.18254971398878,tmpfs,beegfs,beegfs,beegfs,beegfs,0.0,0.0,0.0,0.0,0.0,0.0,0.0,0.0,0.0,0.0,0.0
5,112.71858288799436,tmpfs,beegfs,beegfs,tmpfs,tmpfs,0.0,0.0,0.0,0.0,0.0,0.0,0.0,0.0,0.0,0.0,0.0
5,113.11312165929488,tmpfs,beegfs,beegfs,tmpfs,ssd,0.0,0.0,0.0,0.0,0.0,0.0,0.0,0.0,0.0,0.0,0.0
5,113.15881915318384,tmpfs,beegfs,beegfs,ssd,tmpfs,0.0,0.0,0.0,0.0,0.0,0.0,0.0,0.0,0.0,0.0,0.0
5,113.23743052664612,tmpfs,beegfs,beegfs,tmpfs,beegfs,0.0,0.0,0.0,0.0,0.0,0.0,0.0,0.0,0.0,0.0,0.0
5,113.4736078341531,tmpfs,beegfs,beegfs,beegfs,tmpfs,0.0,0.0,0.0,0.0,0.0,0.0,0.0,0.0,0.0,0.0,0.0
10,125.75231285352658,tmpfs,beegfs,tmpfs,beegfs,beegfs,0.0,0.0,0.0,0.0,0.0,0.0,0.0,0.0,0.0,0.0,0.0
5,128.86380856031457,tmpfs,beegfs,tmpfs,beegfs,beegfs,0.0,0.0,0.0,0.0,0.0,0.0,0.0,0.0,0.0,0.0,0.0
2,131.52666102455464,tmpfs,beegfs,beegfs,ssd,ssd,0.0,0.0,0.0,0.0,0.0,0.0,0.0,0.0,0.0,0.0,0.0
2,132.11909399198902,tmpfs,beegfs,beegfs,ssd,beegfs,0.0,0.0,0.0,0.0,0.0,0.0,0.0,0.0,0.0,0.0,0.0
2,132.47750272194267,tmpfs,beegfs,beegfs,beegfs,ssd,0.0,0.0,0.0,0.0,0.0,0.0,0.0,0.0,0.0,0.0,0.0
10,135.50791863352242,beegfs,beegfs,beegfs,beegfs,beegfs,0.0,0.0,0.0,0.0,0.0,0.0,0.0,0.0,0.0,0.0,0.0
2,136.66920915823508,tmpfs,beegfs,beegfs,tmpfs,tmpfs,0.0,0.0,0.0,0.0,0.0,0.0,0.0,0.0,0.0,0.0,0.0
2,137.0846826362067,tmpfs,beegfs,beegfs,tmpfs,ssd,0.0,0.0,0.0,0.0,0.0,0.0,0.0,0.0,0.0,0.0,0.0
2,137.2253097818891,tmpfs,beegfs,beegfs,ssd,tmpfs,0.0,0.0,0.0,0.0,0.0,0.0,0.0,0.0,0.0,0.0,0.0
2,137.4096105246215,tmpfs,beegfs,beegfs,tmpfs,beegfs,0.0,0.0,0.0,0.0,0.0,0.0,0.0,0.0,0.0,0.0,0.0
2,137.78099404739928,tmpfs,beegfs,beegfs,beegfs,tmpfs,0.0,0.0,0.0,0.0,0.0,0.0,0.0,0.0,0.0,0.0,0.0
2,151.45657070939228,tmpfs,beegfs,tmpfs,beegfs,beegfs,0.0,0.0,0.0,0.0,0.0,0.0,0.0,0.0,0.0,0.0,0.0
10,158.94372406052443,beegfs,ssd,beegfs,beegfs,beegfs,0.0,0.0,0.0,0.0,0.0,0.0,0.0,0.0,0.0,0.0,0.0
10,159.43160753076268,beegfs,beegfs,beegfs,ssd,ssd,0.0,0.0,0.0,0.0,0.0,0.0,0.0,0.0,0.0,0.0,0.0
10,159.7518254394704,beegfs,beegfs,beegfs,ssd,beegfs,0.0,0.0,0.0,0.0,0.0,0.0,0.0,0.0,0.0,0.0,0.0
10,159.80287164147632,beegfs,beegfs,beegfs,beegfs,ssd,0.0,0.0,0.0,0.0,0.0,0.0,0.0,0.0,0.0,0.0,0.0
10,160.8415491317128,ssd,beegfs,beegfs,beegfs,beegfs,0.0,0.0,0.0,0.0,0.0,0.0,0.0,0.0,0.0,0.0,0.0
10,162.22553309087738,beegfs,tmpfs,beegfs,beegfs,beegfs,0.0,0.0,0.0,0.0,0.0,0.0,0.0,0.0,0.0,0.0,0.0
10,164.79382118556248,beegfs,beegfs,beegfs,tmpfs,tmpfs,0.0,0.0,0.0,0.0,0.0,0.0,0.0,0.0,0.0,0.0,0.0
10,165.04234197210292,beegfs,beegfs,beegfs,tmpfs,beegfs,0.0,0.0,0.0,0.0,0.0,0.0,0.0,0.0,0.0,0.0,0.0
10,165.10636296693292,beegfs,beegfs,beegfs,beegfs,tmpfs,0.0,0.0,0.0,0.0,0.0,0.0,0.0,0.0,0.0,0.0,0.0
10,165.13025628809714,beegfs,beegfs,beegfs,ssd,tmpfs,0.0,0.0,0.0,0.0,0.0,0.0,0.0,0.0,0.0,0.0,0.0
10,165.188359956863,beegfs,beegfs,beegfs,tmpfs,ssd,0.0,0.0,0.0,0.0,0.0,0.0,0.0,0.0,0.0,0.0,0.0
5,169.27636843328474,ssd,beegfs,beegfs,beegfs,beegfs,0.0,0.0,0.0,0.0,0.0,0.0,0.0,0.0,0.0,0.0,0.0
5,180.22635112928631,beegfs,beegfs,beegfs,beegfs,beegfs,0.0,0.0,0.0,0.0,0.0,0.0,0.0,0.0,0.0,0.0,0.0
10,182.83254868587383,beegfs,ssd,beegfs,ssd,ssd,0.0,0.0,0.0,0.0,0.0,0.0,0.0,0.0,0.0,0.0,0.0
10,183.15276659458155,beegfs,ssd,beegfs,ssd,beegfs,0.0,0.0,0.0,0.0,0.0,0.0,0.0,0.0,0.0,0.0,0.0
10,183.20381279658744,beegfs,ssd,beegfs,beegfs,ssd,0.0,0.0,0.0,0.0,0.0,0.0,0.0,0.0,0.0,0.0,0.0
10,184.76523802895304,ssd,beegfs,beegfs,ssd,ssd,0.0,0.0,0.0,0.0,0.0,0.0,0.0,0.0,0.0,0.0,0.0
10,185.0854559376608,ssd,beegfs,beegfs,ssd,beegfs,0.0,0.0,0.0,0.0,0.0,0.0,0.0,0.0,0.0,0.0,0.0
10,185.1365021396667,ssd,beegfs,beegfs,beegfs,ssd,0.0,0.0,0.0,0.0,0.0,0.0,0.0,0.0,0.0,0.0,0.0
10,185.95670679435537,beegfs,beegfs,tmpfs,beegfs,beegfs,0.0,0.0,0.0,0.0,0.0,0.0,0.0,0.0,0.0,0.0,0.0
10,190.12745168375284,ssd,beegfs,beegfs,tmpfs,tmpfs,0.0,0.0,0.0,0.0,0.0,0.0,0.0,0.0,0.0,0.0,0.0
10,190.37597247029328,ssd,beegfs,beegfs,tmpfs,beegfs,0.0,0.0,0.0,0.0,0.0,0.0,0.0,0.0,0.0,0.0,0.0
10,190.43999346512328,ssd,beegfs,beegfs,beegfs,tmpfs,0.0,0.0,0.0,0.0,0.0,0.0,0.0,0.0,0.0,0.0,0.0
10,190.46388678628753,ssd,beegfs,beegfs,ssd,tmpfs,0.0,0.0,0.0,0.0,0.0,0.0,0.0,0.0,0.0,0.0,0.0
10,190.52199045505336,ssd,beegfs,beegfs,tmpfs,ssd,0.0,0.0,0.0,0.0,0.0,0.0,0.0,0.0,0.0,0.0,0.0
10,191.49946538887525,beegfs,tmpfs,beegfs,tmpfs,tmpfs,0.0,0.0,0.0,0.0,0.0,0.0,0.0,0.0,0.0,0.0,0.0
10,191.7479861754157,beegfs,tmpfs,beegfs,tmpfs,beegfs,0.0,0.0,0.0,0.0,0.0,0.0,0.0,0.0,0.0,0.0,0.0
10,191.8120071702457,beegfs,tmpfs,beegfs,beegfs,tmpfs,0.0,0.0,0.0,0.0,0.0,0.0,0.0,0.0,0.0,0.0,0.0
5,192.8613753283915,ssd,beegfs,beegfs,ssd,ssd,0.0,0.0,0.0,0.0,0.0,0.0,0.0,0.0,0.0,0.0,0.0
5,193.34811892655577,ssd,beegfs,beegfs,ssd,beegfs,0.0,0.0,0.0,0.0,0.0,0.0,0.0,0.0,0.0,0.0,0.0
5,193.57132144123864,ssd,beegfs,beegfs,beegfs,ssd,0.0,0.0,0.0,0.0,0.0,0.0,0.0,0.0,0.0,0.0,0.0
5,198.1197878205365,ssd,beegfs,beegfs,tmpfs,tmpfs,0.0,0.0,0.0,0.0,0.0,0.0,0.0,0.0,0.0,0.0,0.0
5,198.514326591837,ssd,beegfs,beegfs,tmpfs,ssd,0.0,0.0,0.0,0.0,0.0,0.0,0.0,0.0,0.0,0.0,0.0
5,198.56002408572596,ssd,beegfs,beegfs,ssd,tmpfs,0.0,0.0,0.0,0.0,0.0,0.0,0.0,0.0,0.0,0.0,0.0
5,198.63863545918824,ssd,beegfs,beegfs,tmpfs,beegfs,0.0,0.0,0.0,0.0,0.0,0.0,0.0,0.0,0.0,0.0,0.0
5,198.87481276669524,ssd,beegfs,beegfs,beegfs,tmpfs,0.0,0.0,0.0,0.0,0.0,0.0,0.0,0.0,0.0,0.0,0.0
5,203.66215655628832,beegfs,ssd,beegfs,beegfs,beegfs,0.0,0.0,0.0,0.0,0.0,0.0,0.0,0.0,0.0,0.0,0.0
5,203.81135802439303,beegfs,beegfs,beegfs,ssd,ssd,0.0,0.0,0.0,0.0,0.0,0.0,0.0,0.0,0.0,0.0,0.0
5,204.29810162255728,beegfs,beegfs,beegfs,ssd,beegfs,0.0,0.0,0.0,0.0,0.0,0.0,0.0,0.0,0.0,0.0,0.0
5,204.5213041372402,beegfs,beegfs,beegfs,beegfs,ssd,0.0,0.0,0.0,0.0,0.0,0.0,0.0,0.0,0.0,0.0,0.0
5,206.94396558664127,beegfs,tmpfs,beegfs,beegfs,beegfs,0.0,0.0,0.0,0.0,0.0,0.0,0.0,0.0,0.0,0.0,0.0
5,209.06977051653809,beegfs,beegfs,beegfs,tmpfs,tmpfs,0.0,0.0,0.0,0.0,0.0,0.0,0.0,0.0,0.0,0.0,0.0
10,209.34856043281044,beegfs,ssd,tmpfs,beegfs,beegfs,0.0,0.0,0.0,0.0,0.0,0.0,0.0,0.0,0.0,0.0,0.0
5,209.46430928783855,beegfs,beegfs,beegfs,tmpfs,ssd,0.0,0.0,0.0,0.0,0.0,0.0,0.0,0.0,0.0,0.0,0.0
5,209.51000678172753,beegfs,beegfs,beegfs,ssd,tmpfs,0.0,0.0,0.0,0.0,0.0,0.0,0.0,0.0,0.0,0.0,0.0
5,209.5886181551898,beegfs,beegfs,beegfs,tmpfs,beegfs,0.0,0.0,0.0,0.0,0.0,0.0,0.0,0.0,0.0,0.0,0.0
5,209.8247954626968,beegfs,beegfs,beegfs,beegfs,tmpfs,0.0,0.0,0.0,0.0,0.0,0.0,0.0,0.0,0.0,0.0,0.0
10,210.8606943251408,tmpfs,beegfs,ssd,beegfs,beegfs,0.0,0.0,0.0,0.0,0.0,0.0,0.0,0.0,0.0,0.0,0.0
10,211.29033729254573,ssd,beegfs,tmpfs,beegfs,beegfs,0.0,0.0,0.0,0.0,0.0,0.0,0.0,0.0,0.0,0.0,0.0
10,212.65287108533428,beegfs,tmpfs,tmpfs,beegfs,beegfs,0.0,0.0,0.0,0.0,0.0,0.0,0.0,0.0,0.0,0.0,0.0
5,214.26501349285672,ssd,beegfs,tmpfs,beegfs,beegfs,0.0,0.0,0.0,0.0,0.0,0.0,0.0,0.0,0.0,0.0,0.0
5,214.38466091448063,tmpfs,beegfs,ssd,beegfs,beegfs,0.0,0.0,0.0,0.0,0.0,0.0,0.0,0.0,0.0,0.0,0.0
5,225.2149961888583,beegfs,beegfs,tmpfs,beegfs,beegfs,0.0,0.0,0.0,0.0,0.0,0.0,0.0,0.0,0.0,0.0,0.0
5,227.2122991795042,beegfs,ssd,beegfs,ssd,ssd,0.0,0.0,0.0,0.0,0.0,0.0,0.0,0.0,0.0,0.0,0.0
5,227.69904277766844,beegfs,ssd,beegfs,ssd,beegfs,0.0,0.0,0.0,0.0,0.0,0.0,0.0,0.0,0.0,0.0,0.0
5,227.9222452923513,beegfs,ssd,beegfs,beegfs,ssd,0.0,0.0,0.0,0.0,0.0,0.0,0.0,0.0,0.0,0.0,0.0
5,235.7754147198508,beegfs,tmpfs,beegfs,tmpfs,tmpfs,0.0,0.0,0.0,0.0,0.0,0.0,0.0,0.0,0.0,0.0,0.0
5,236.29426235850255,beegfs,tmpfs,beegfs,tmpfs,beegfs,0.0,0.0,0.0,0.0,0.0,0.0,0.0,0.0,0.0,0.0,0.0
2,236.45916009032103,tmpfs,beegfs,ssd,beegfs,beegfs,0.0,0.0,0.0,0.0,0.0,0.0,0.0,0.0,0.0,0.0,0.0
5,236.53043966600956,beegfs,tmpfs,beegfs,beegfs,tmpfs,0.0,0.0,0.0,0.0,0.0,0.0,0.0,0.0,0.0,0.0,0.0
5,248.60684982731337,beegfs,ssd,tmpfs,beegfs,beegfs,0.0,0.0,0.0,0.0,0.0,0.0,0.0,0.0,0.0,0.0,0.0
5,251.9111604798372,beegfs,tmpfs,tmpfs,beegfs,beegfs,0.0,0.0,0.0,0.0,0.0,0.0,0.0,0.0,0.0,0.0,0.0
2,252.91698772249543,ssd,beegfs,beegfs,beegfs,beegfs,0.0,0.0,0.0,0.0,0.0,0.0,0.0,0.0,0.0,0.0,0.0
10,261.17933782909057,ssd,ssd,beegfs,beegfs,beegfs,0.0,0.0,0.0,0.0,0.0,0.0,0.0,0.0,0.0,0.0,0.0
10,267.557686908985,tmpfs,tmpfs,beegfs,beegfs,beegfs,0.0,0.0,0.0,0.0,0.0,0.0,0.0,0.0,0.0,0.0,0.0
5,269.6141571306625,ssd,ssd,beegfs,beegfs,beegfs,0.0,0.0,0.0,0.0,0.0,0.0,0.0,0.0,0.0,0.0,0.0
10,271.06508826596956,beegfs,beegfs,ssd,beegfs,beegfs,0.0,0.0,0.0,0.0,0.0,0.0,0.0,0.0,0.0,0.0,0.0
5,276.1293257170339,tmpfs,tmpfs,beegfs,beegfs,beegfs,0.0,0.0,0.0,0.0,0.0,0.0,0.0,0.0,0.0,0.0,0.0
2,276.2610990330613,ssd,beegfs,beegfs,ssd,ssd,0.0,0.0,0.0,0.0,0.0,0.0,0.0,0.0,0.0,0.0,0.0
2,276.85353200049565,ssd,beegfs,beegfs,ssd,beegfs,0.0,0.0,0.0,0.0,0.0,0.0,0.0,0.0,0.0,0.0,0.0
2,277.2119407304493,ssd,beegfs,beegfs,beegfs,ssd,0.0,0.0,0.0,0.0,0.0,0.0,0.0,0.0,0.0,0.0,0.0
2,281.40364716674173,ssd,beegfs,beegfs,tmpfs,tmpfs,0.0,0.0,0.0,0.0,0.0,0.0,0.0,0.0,0.0,0.0,0.0
2,281.8191206447134,ssd,beegfs,beegfs,tmpfs,ssd,0.0,0.0,0.0,0.0,0.0,0.0,0.0,0.0,0.0,0.0,0.0
2,281.9597477903958,ssd,beegfs,beegfs,ssd,tmpfs,0.0,0.0,0.0,0.0,0.0,0.0,0.0,0.0,0.0,0.0,0.0
2,282.14404853312817,ssd,beegfs,beegfs,tmpfs,beegfs,0.0,0.0,0.0,0.0,0.0,0.0,0.0,0.0,0.0,0.0,0.0
2,282.51543205590593,ssd,beegfs,beegfs,beegfs,tmpfs,0.0,0.0,0.0,0.0,0.0,0.0,0.0,0.0,0.0,0.0,0.0
10,285.0681624544399,ssd,ssd,beegfs,ssd,ssd,0.0,0.0,0.0,0.0,0.0,0.0,0.0,0.0,0.0,0.0,0.0
10,285.3883803631477,ssd,ssd,beegfs,ssd,beegfs,0.0,0.0,0.0,0.0,0.0,0.0,0.0,0.0,0.0,0.0,0.0
10,285.43942656515355,ssd,ssd,beegfs,beegfs,ssd,0.0,0.0,0.0,0.0,0.0,0.0,0.0,0.0,0.0,0.0,0.0
5,293.16429975387837,ssd,ssd,beegfs,ssd,ssd,0.0,0.0,0.0,0.0,0.0,0.0,0.0,0.0,0.0,0.0,0.0
5,293.6510433520426,ssd,ssd,beegfs,ssd,beegfs,0.0,0.0,0.0,0.0,0.0,0.0,0.0,0.0,0.0,0.0,0.0
5,293.8742458667255,ssd,ssd,beegfs,beegfs,ssd,0.0,0.0,0.0,0.0,0.0,0.0,0.0,0.0,0.0,0.0,0.0
10,294.45694190442464,beegfs,ssd,ssd,beegfs,beegfs,0.0,0.0,0.0,0.0,0.0,0.0,0.0,0.0,0.0,0.0,0.0
2,296.19100871789897,ssd,beegfs,tmpfs,beegfs,beegfs,0.0,0.0,0.0,0.0,0.0,0.0,0.0,0.0,0.0,0.0,0.0
10,296.3987187641599,ssd,beegfs,ssd,beegfs,beegfs,0.0,0.0,0.0,0.0,0.0,0.0,0.0,0.0,0.0,0.0,0.0
10,296.83161920698285,tmpfs,tmpfs,beegfs,tmpfs,tmpfs,0.0,0.0,0.0,0.0,0.0,0.0,0.0,0.0,0.0,0.0,0.0
10,297.0801399935233,tmpfs,tmpfs,beegfs,tmpfs,beegfs,0.0,0.0,0.0,0.0,0.0,0.0,0.0,0.0,0.0,0.0,0.0
10,297.1441609883533,tmpfs,tmpfs,beegfs,beegfs,tmpfs,0.0,0.0,0.0,0.0,0.0,0.0,0.0,0.0,0.0,0.0,0.0
10,297.76125255694853,beegfs,tmpfs,ssd,beegfs,beegfs,0.0,0.0,0.0,0.0,0.0,0.0,0.0,0.0,0.0,0.0,0.0
5,299.7858658470228,ssd,beegfs,ssd,beegfs,beegfs,0.0,0.0,0.0,0.0,0.0,0.0,0.0,0.0,0.0,0.0,0.0
2,300.4367119302801,tmpfs,tmpfs,beegfs,beegfs,beegfs,0.0,0.0,0.0,0.0,0.0,0.0,0.0,0.0,0.0,0.0,0.0
5,304.9607748502435,tmpfs,tmpfs,beegfs,tmpfs,tmpfs,0.0,0.0,0.0,0.0,0.0,0.0,0.0,0.0,0.0,0.0,0.0
5,305.47962248889525,tmpfs,tmpfs,beegfs,tmpfs,beegfs,0.0,0.0,0.0,0.0,0.0,0.0,0.0,0.0,0.0,0.0,0.0
5,305.7157997964022,tmpfs,tmpfs,beegfs,beegfs,tmpfs,0.0,0.0,0.0,0.0,0.0,0.0,0.0,0.0,0.0,0.0,0.0
10,309.181529086492,tmpfs,beegfs,ssd,ssd,ssd,0.0,0.0,0.0,0.0,0.0,0.0,0.0,0.0,0.0,0.0,0.0
10,309.5017469951997,tmpfs,beegfs,ssd,ssd,beegfs,0.0,0.0,0.0,0.0,0.0,0.0,0.0,0.0,0.0,0.0,0.0
10,309.5527931972057,tmpfs,beegfs,ssd,beegfs,ssd,0.0,0.0,0.0,0.0,0.0,0.0,0.0,0.0,0.0,0.0,0.0
5,310.7358485430244,beegfs,beegfs,ssd,beegfs,beegfs,0.0,0.0,0.0,0.0,0.0,0.0,0.0,0.0,0.0,0.0,0.0
10,311.59326171803264,ssd,ssd,tmpfs,beegfs,beegfs,0.0,0.0,0.0,0.0,0.0,0.0,0.0,0.0,0.0,0.0,0.0
5,312.3668136736984,tmpfs,beegfs,ssd,ssd,ssd,0.0,0.0,0.0,0.0,0.0,0.0,0.0,0.0,0.0,0.0,0.0
5,312.85355727186266,tmpfs,beegfs,ssd,ssd,beegfs,0.0,0.0,0.0,0.0,0.0,0.0,0.0,0.0,0.0,0.0,0.0
5,313.07675978654555,tmpfs,beegfs,ssd,beegfs,ssd,0.0,0.0,0.0,0.0,0.0,0.0,0.0,0.0,0.0,0.0,0.0
5,314.5679379183436,ssd,ssd,tmpfs,beegfs,beegfs,0.0,0.0,0.0,0.0,0.0,0.0,0.0,0.0,0.0,0.0,0.0
10,315.1341602940945,tmpfs,beegfs,tmpfs,tmpfs,tmpfs,0.0,0.0,0.0,0.0,0.0,0.0,0.0,0.0,0.0,0.0,0.0
10,315.38268108063494,tmpfs,beegfs,tmpfs,tmpfs,beegfs,0.0,0.0,0.0,0.0,0.0,0.0,0.0,0.0,0.0,0.0,0.0
10,315.44670207546494,tmpfs,beegfs,tmpfs,beegfs,tmpfs,0.0,0.0,0.0,0.0,0.0,0.0,0.0,0.0,0.0,0.0,0.0
5,317.8031728360942,tmpfs,beegfs,tmpfs,tmpfs,tmpfs,0.0,0.0,0.0,0.0,0.0,0.0,0.0,0.0,0.0,0.0,0.0
10,317.9945048157757,tmpfs,tmpfs,tmpfs,beegfs,beegfs,0.0,0.0,0.0,0.0,0.0,0.0,0.0,0.0,0.0,0.0,0.0
5,318.32202047474595,tmpfs,beegfs,tmpfs,tmpfs,beegfs,0.0,0.0,0.0,0.0,0.0,0.0,0.0,0.0,0.0,0.0,0.0
5,318.55819778225293,tmpfs,beegfs,tmpfs,beegfs,tmpfs,0.0,0.0,0.0,0.0,0.0,0.0,0.0,0.0,0.0,0.0,0.0
5,321.1060005225637,tmpfs,tmpfs,tmpfs,beegfs,beegfs,0.0,0.0,0.0,0.0,0.0,0.0,0.0,0.0,0.0,0.0,0.0
2,328.91140112048424,tmpfs,tmpfs,beegfs,tmpfs,tmpfs,0.0,0.0,0.0,0.0,0.0,0.0,0.0,0.0,0.0,0.0,0.0
2,329.6518024868707,tmpfs,tmpfs,beegfs,tmpfs,beegfs,0.0,0.0,0.0,0.0,0.0,0.0,0.0,0.0,0.0,0.0,0.0
2,330.0231860096484,tmpfs,tmpfs,beegfs,beegfs,tmpfs,0.0,0.0,0.0,0.0,0.0,0.0,0.0,0.0,0.0,0.0,0.0
5,334.1277021814795,beegfs,ssd,ssd,beegfs,beegfs,0.0,0.0,0.0,0.0,0.0,0.0,0.0,0.0,0.0,0.0,0.0
2,334.2004172649979,tmpfs,beegfs,ssd,ssd,ssd,0.0,0.0,0.0,0.0,0.0,0.0,0.0,0.0,0.0,0.0,0.0
2,334.7928502324323,tmpfs,beegfs,ssd,ssd,beegfs,0.0,0.0,0.0,0.0,0.0,0.0,0.0,0.0,0.0,0.0,0.0
2,335.15125896238595,tmpfs,beegfs,ssd,beegfs,ssd,0.0,0.0,0.0,0.0,0.0,0.0,0.0,0.0,0.0,0.0,0.0
5,337.43201283400333,beegfs,tmpfs,ssd,beegfs,beegfs,0.0,0.0,0.0,0.0,0.0,0.0,0.0,0.0,0.0,0.0,0.0
2,340.03917504216645,tmpfs,beegfs,tmpfs,tmpfs,tmpfs,0.0,0.0,0.0,0.0,0.0,0.0,0.0,0.0,0.0,0.0,0.0
2,340.7795764085529,tmpfs,beegfs,tmpfs,tmpfs,beegfs,0.0,0.0,0.0,0.0,0.0,0.0,0.0,0.0,0.0,0.0,0.0
2,341.15095993133065,tmpfs,beegfs,tmpfs,beegfs,tmpfs,0.0,0.0,0.0,0.0,0.0,0.0,0.0,0.0,0.0,0.0,0.0
2,343.6987626716414,tmpfs,tmpfs,tmpfs,beegfs,beegfs,0.0,0.0,0.0,0.0,0.0,0.0,0.0,0.0,0.0,0.0,0.0
2,353.2547764198732,ssd,ssd,beegfs,beegfs,beegfs,0.0,0.0,0.0,0.0,0.0,0.0,0.0,0.0,0.0,0.0,0.0
10,369.3859230273208,beegfs,beegfs,ssd,ssd,ssd,0.0,0.0,0.0,0.0,0.0,0.0,0.0,0.0,0.0,0.0,0.0
10,369.70614093602853,beegfs,beegfs,ssd,ssd,beegfs,0.0,0.0,0.0,0.0,0.0,0.0,0.0,0.0,0.0,0.0,0.0
10,369.7571871380344,beegfs,beegfs,ssd,beegfs,ssd,0.0,0.0,0.0,0.0,0.0,0.0,0.0,0.0,0.0,0.0,0.0
10,375.33855423492327,beegfs,beegfs,tmpfs,tmpfs,tmpfs,0.0,0.0,0.0,0.0,0.0,0.0,0.0,0.0,0.0,0.0,0.0
10,375.5870750214637,beegfs,beegfs,tmpfs,tmpfs,beegfs,0.0,0.0,0.0,0.0,0.0,0.0,0.0,0.0,0.0,0.0,0.0
10,375.6510960162937,beegfs,beegfs,tmpfs,beegfs,tmpfs,0.0,0.0,0.0,0.0,0.0,0.0,0.0,0.0,0.0,0.0,0.0
2,376.56402345854815,ssd,ssd,beegfs,ssd,ssd,0.0,0.0,0.0,0.0,0.0,0.0,0.0,0.0,0.0,0.0,0.0
2,377.1564564259825,ssd,ssd,beegfs,ssd,beegfs,0.0,0.0,0.0,0.0,0.0,0.0,0.0,0.0,0.0,0.0,0.0
2,377.5148651559362,ssd,ssd,beegfs,beegfs,ssd,0.0,0.0,0.0,0.0,0.0,0.0,0.0,0.0,0.0,0.0,0.0
2,381.1935980988277,ssd,beegfs,ssd,beegfs,beegfs,0.0,0.0,0.0,0.0,0.0,0.0,0.0,0.0,0.0,0.0,0.0
10,392.7777766657759,beegfs,ssd,ssd,ssd,ssd,0.0,0.0,0.0,0.0,0.0,0.0,0.0,0.0,0.0,0.0,0.0
10,393.0979945744836,beegfs,ssd,ssd,ssd,beegfs,0.0,0.0,0.0,0.0,0.0,0.0,0.0,0.0,0.0,0.0,0.0
10,393.1490407764895,beegfs,ssd,ssd,beegfs,ssd,0.0,0.0,0.0,0.0,0.0,0.0,0.0,0.0,0.0,0.0,0.0
10,394.7195535255112,ssd,beegfs,ssd,ssd,ssd,0.0,0.0,0.0,0.0,0.0,0.0,0.0,0.0,0.0,0.0,0.0
10,395.0397714342189,ssd,beegfs,ssd,ssd,beegfs,0.0,0.0,0.0,0.0,0.0,0.0,0.0,0.0,0.0,0.0,0.0
10,395.0908176362248,ssd,beegfs,ssd,beegfs,ssd,0.0,0.0,0.0,0.0,0.0,0.0,0.0,0.0,0.0,0.0,0.0
2,396.4939331433858,ssd,ssd,tmpfs,beegfs,beegfs,0.0,0.0,0.0,0.0,0.0,0.0,0.0,0.0,0.0,0.0,0.0
10,396.70164318964686,ssd,ssd,ssd,beegfs,beegfs,0.0,0.0,0.0,0.0,0.0,0.0,0.0,0.0,0.0,0.0,0.0
5,397.7680186062405,ssd,beegfs,ssd,ssd,ssd,0.0,0.0,0.0,0.0,0.0,0.0,0.0,0.0,0.0,0.0,0.0
5,398.2547622044048,ssd,beegfs,ssd,ssd,beegfs,0.0,0.0,0.0,0.0,0.0,0.0,0.0,0.0,0.0,0.0,0.0
5,398.4779647190877,ssd,beegfs,ssd,beegfs,ssd,0.0,0.0,0.0,0.0,0.0,0.0,0.0,0.0,0.0,0.0,0.0
5,400.0887902725097,ssd,ssd,ssd,beegfs,beegfs,0.0,0.0,0.0,0.0,0.0,0.0,0.0,0.0,0.0,0.0,0.0
10,400.6721847331136,ssd,beegfs,tmpfs,tmpfs,tmpfs,0.0,0.0,0.0,0.0,0.0,0.0,0.0,0.0,0.0,0.0,0.0
10,400.92070551965406,ssd,beegfs,tmpfs,tmpfs,beegfs,0.0,0.0,0.0,0.0,0.0,0.0,0.0,0.0,0.0,0.0,0.0
10,400.98472651448407,ssd,beegfs,tmpfs,beegfs,tmpfs,0.0,0.0,0.0,0.0,0.0,0.0,0.0,0.0,0.0,0.0,0.0
10,402.03471852590224,beegfs,tmpfs,tmpfs,tmpfs,tmpfs,0.0,0.0,0.0,0.0,0.0,0.0,0.0,0.0,0.0,0.0,0.0
10,402.2832393124427,beegfs,tmpfs,tmpfs,tmpfs,beegfs,0.0,0.0,0.0,0.0,0.0,0.0,0.0,0.0,0.0,0.0,0.0
10,402.3472603072727,beegfs,tmpfs,tmpfs,beegfs,tmpfs,0.0,0.0,0.0,0.0,0.0,0.0,0.0,0.0,0.0,0.0,0.0
10,403.10288628738994,tmpfs,tmpfs,ssd,beegfs,beegfs,0.0,0.0,0.0,0.0,0.0,0.0,0.0,0.0,0.0,0.0,0.0
5,403.2043777686363,ssd,beegfs,tmpfs,tmpfs,tmpfs,0.0,0.0,0.0,0.0,0.0,0.0,0.0,0.0,0.0,0.0,0.0
5,403.72322540728806,ssd,beegfs,tmpfs,tmpfs,beegfs,0.0,0.0,0.0,0.0,0.0,0.0,0.0,0.0,0.0,0.0,0.0
5,403.95940271479503,ssd,beegfs,tmpfs,beegfs,tmpfs,0.0,0.0,0.0,0.0,0.0,0.0,0.0,0.0,0.0,0.0,0.0
5,406.6268528767298,tmpfs,tmpfs,ssd,beegfs,beegfs,0.0,0.0,0.0,0.0,0.0,0.0,0.0,0.0,0.0,0.0,0.0
5,408.7180013022421,beegfs,beegfs,ssd,ssd,ssd,0.0,0.0,0.0,0.0,0.0,0.0,0.0,0.0,0.0,0.0,0.0
5,409.2047449004063,beegfs,beegfs,ssd,ssd,beegfs,0.0,0.0,0.0,0.0,0.0,0.0,0.0,0.0,0.0,0.0,0.0
5,409.4279474150893,beegfs,beegfs,ssd,beegfs,ssd,0.0,0.0,0.0,0.0,0.0,0.0,0.0,0.0,0.0,0.0,0.0
5,414.1543604646379,beegfs,beegfs,tmpfs,tmpfs,tmpfs,0.0,0.0,0.0,0.0,0.0,0.0,0.0,0.0,0.0,0.0,0.0
5,414.67320810328965,beegfs,beegfs,tmpfs,tmpfs,beegfs,0.0,0.0,0.0,0.0,0.0,0.0,0.0,0.0,0.0,0.0,0.0
5,414.90938541079663,beegfs,beegfs,tmpfs,beegfs,tmpfs,0.0,0.0,0.0,0.0,0.0,0.0,0.0,0.0,0.0,0.0,0.0
2,428.7013520525702,tmpfs,tmpfs,ssd,beegfs,beegfs,0.0,0.0,0.0,0.0,0.0,0.0,0.0,0.0,0.0,0.0,0.0
5,432.1098549406972,beegfs,ssd,ssd,ssd,ssd,0.0,0.0,0.0,0.0,0.0,0.0,0.0,0.0,0.0,0.0,0.0
5,432.59659853886143,beegfs,ssd,ssd,ssd,beegfs,0.0,0.0,0.0,0.0,0.0,0.0,0.0,0.0,0.0,0.0,0.0
5,432.8198010535443,beegfs,ssd,ssd,beegfs,ssd,0.0,0.0,0.0,0.0,0.0,0.0,0.0,0.0,0.0,0.0,0.0
5,440.8505247556169,beegfs,tmpfs,tmpfs,tmpfs,tmpfs,0.0,0.0,0.0,0.0,0.0,0.0,0.0,0.0,0.0,0.0,0.0
5,441.36937239426857,beegfs,tmpfs,tmpfs,tmpfs,beegfs,0.0,0.0,0.0,0.0,0.0,0.0,0.0,0.0,0.0,0.0,0.0
5,441.60554970177554,beegfs,tmpfs,tmpfs,beegfs,tmpfs,0.0,0.0,0.0,0.0,0.0,0.0,0.0,0.0,0.0,0.0,0.0
2,478.9348552735046,ssd,beegfs,ssd,ssd,ssd,0.0,0.0,0.0,0.0,0.0,0.0,0.0,0.0,0.0,0.0,0.0
2,479.5272882409389,ssd,beegfs,ssd,ssd,beegfs,0.0,0.0,0.0,0.0,0.0,0.0,0.0,0.0,0.0,0.0,0.0
2,479.8856969708926,ssd,beegfs,ssd,beegfs,ssd,0.0,0.0,0.0,0.0,0.0,0.0,0.0,0.0,0.0,0.0,0.0
2,481.4965225243146,ssd,ssd,ssd,beegfs,beegfs,0.0,0.0,0.0,0.0,0.0,0.0,0.0,0.0,0.0,0.0,0.0
2,484.7736130506731,ssd,beegfs,tmpfs,tmpfs,tmpfs,0.0,0.0,0.0,0.0,0.0,0.0,0.0,0.0,0.0,0.0,0.0
2,485.5140144170595,ssd,beegfs,tmpfs,tmpfs,beegfs,0.0,0.0,0.0,0.0,0.0,0.0,0.0,0.0,0.0,0.0,0.0
2,485.8853979398373,ssd,beegfs,tmpfs,beegfs,tmpfs,0.0,0.0,0.0,0.0,0.0,0.0,0.0,0.0,0.0,0.0,0.0
10,495.02247795099805,ssd,ssd,ssd,ssd,ssd,0.0,0.0,0.0,0.0,0.0,0.0,0.0,0.0,0.0,0.0,0.0
10,495.34269585970577,ssd,ssd,ssd,ssd,beegfs,0.0,0.0,0.0,0.0,0.0,0.0,0.0,0.0,0.0,0.0,0.0
10,495.3937420617117,ssd,ssd,ssd,beegfs,ssd,0.0,0.0,0.0,0.0,0.0,0.0,0.0,0.0,0.0,0.0,0.0
5,498.0709430317274,ssd,ssd,ssd,ssd,ssd,0.0,0.0,0.0,0.0,0.0,0.0,0.0,0.0,0.0,0.0,0.0
5,498.5576866298916,ssd,ssd,ssd,ssd,beegfs,0.0,0.0,0.0,0.0,0.0,0.0,0.0,0.0,0.0,0.0,0.0
5,498.7808891445746,ssd,ssd,ssd,beegfs,ssd,0.0,0.0,0.0,0.0,0.0,0.0,0.0,0.0,0.0,0.0,0.0
10,507.3763522563437,tmpfs,tmpfs,tmpfs,tmpfs,tmpfs,0.0,0.0,0.0,0.0,0.0,0.0,0.0,0.0,0.0,0.0,0.0
10,507.6248730428841,tmpfs,tmpfs,tmpfs,tmpfs,beegfs,0.0,0.0,0.0,0.0,0.0,0.0,0.0,0.0,0.0,0.0,0.0
10,507.6888940377141,tmpfs,tmpfs,tmpfs,beegfs,tmpfs,0.0,0.0,0.0,0.0,0.0,0.0,0.0,0.0,0.0,0.0,0.0
5,510.04536479834337,tmpfs,tmpfs,tmpfs,tmpfs,tmpfs,0.0,0.0,0.0,0.0,0.0,0.0,0.0,0.0,0.0,0.0,0.0
5,510.5642124369951,tmpfs,tmpfs,tmpfs,tmpfs,beegfs,0.0,0.0,0.0,0.0,0.0,0.0,0.0,0.0,0.0,0.0,0.0
5,510.80038974450207,tmpfs,tmpfs,tmpfs,beegfs,tmpfs,0.0,0.0,0.0,0.0,0.0,0.0,0.0,0.0,0.0,0.0,0.0
2,532.2813670044156,tmpfs,tmpfs,tmpfs,tmpfs,tmpfs,0.0,0.0,0.0,0.0,0.0,0.0,0.0,0.0,0.0,0.0,0.0
2,533.021768370802,tmpfs,tmpfs,tmpfs,tmpfs,beegfs,0.0,0.0,0.0,0.0,0.0,0.0,0.0,0.0,0.0,0.0,0.0
2,533.3931518935798,tmpfs,tmpfs,tmpfs,beegfs,tmpfs,0.0,0.0,0.0,0.0,0.0,0.0,0.0,0.0,0.0,0.0,0.0
2,579.2377796989915,ssd,ssd,ssd,ssd,ssd,0.0,0.0,0.0,0.0,0.0,0.0,0.0,0.0,0.0,0.0,0.0
2,579.8302126664257,ssd,ssd,ssd,ssd,beegfs,0.0,0.0,0.0,0.0,0.0,0.0,0.0,0.0,0.0,0.0,0.0
2,580.1886213963795,ssd,ssd,ssd,beegfs,ssd,0.0,0.0,0.0,0.0,0.0,0.0,0.0,0.0,0.0,0.0,0.0
2,1402.9815717748334,beegfs,beegfs,beegfs,beegfs,beegfs,0.0,0.0,0.0,0.0,0.0,0.0,0.0,0.0,0.0,0.0,0.0
2,1426.3256830853993,beegfs,beegfs,beegfs,ssd,ssd,0.0,0.0,0.0,0.0,0.0,0.0,0.0,0.0,0.0,0.0,0.0
2,1426.4173772018355,beegfs,ssd,beegfs,beegfs,beegfs,0.0,0.0,0.0,0.0,0.0,0.0,0.0,0.0,0.0,0.0,0.0
2,1426.9181160528335,beegfs,beegfs,beegfs,ssd,beegfs,0.0,0.0,0.0,0.0,0.0,0.0,0.0,0.0,0.0,0.0,0.0
2,1427.2765247827872,beegfs,beegfs,beegfs,beegfs,ssd,0.0,0.0,0.0,0.0,0.0,0.0,0.0,0.0,0.0,0.0,0.0
2,1429.699186232188,beegfs,tmpfs,beegfs,beegfs,beegfs,0.0,0.0,0.0,0.0,0.0,0.0,0.0,0.0,0.0,0.0,0.0
2,1431.4682312190796,beegfs,beegfs,beegfs,tmpfs,tmpfs,0.0,0.0,0.0,0.0,0.0,0.0,0.0,0.0,0.0,0.0,0.0
2,1431.8837046970514,beegfs,beegfs,beegfs,tmpfs,ssd,0.0,0.0,0.0,0.0,0.0,0.0,0.0,0.0,0.0,0.0,0.0
2,1432.0243318427338,beegfs,beegfs,beegfs,ssd,tmpfs,0.0,0.0,0.0,0.0,0.0,0.0,0.0,0.0,0.0,0.0,0.0
2,1432.208632585466,beegfs,beegfs,beegfs,tmpfs,beegfs,0.0,0.0,0.0,0.0,0.0,0.0,0.0,0.0,0.0,0.0,0.0
2,1432.580016108244,beegfs,beegfs,beegfs,beegfs,tmpfs,0.0,0.0,0.0,0.0,0.0,0.0,0.0,0.0,0.0,0.0,0.0
2,1446.2555927702367,beegfs,beegfs,tmpfs,beegfs,beegfs,0.0,0.0,0.0,0.0,0.0,0.0,0.0,0.0,0.0,0.0,0.0
2,1449.7266242405103,beegfs,ssd,beegfs,ssd,ssd,0.0,0.0,0.0,0.0,0.0,0.0,0.0,0.0,0.0,0.0,0.0
2,1450.3190572079448,beegfs,ssd,beegfs,ssd,beegfs,0.0,0.0,0.0,0.0,0.0,0.0,0.0,0.0,0.0,0.0,0.0
2,1450.6774659378984,beegfs,ssd,beegfs,beegfs,ssd,0.0,0.0,0.0,0.0,0.0,0.0,0.0,0.0,0.0,0.0,0.0
2,1458.1738754223927,beegfs,tmpfs,beegfs,tmpfs,tmpfs,0.0,0.0,0.0,0.0,0.0,0.0,0.0,0.0,0.0,0.0,0.0
2,1458.914276788779,beegfs,tmpfs,beegfs,tmpfs,beegfs,0.0,0.0,0.0,0.0,0.0,0.0,0.0,0.0,0.0,0.0,0.0
2,1459.2856603115567,beegfs,tmpfs,beegfs,beegfs,tmpfs,0.0,0.0,0.0,0.0,0.0,0.0,0.0,0.0,0.0,0.0,0.0
2,1469.6474464086918,beegfs,ssd,tmpfs,beegfs,beegfs,0.0,0.0,0.0,0.0,0.0,0.0,0.0,0.0,0.0,0.0,0.0
2,1472.951757061216,beegfs,tmpfs,tmpfs,beegfs,beegfs,0.0,0.0,0.0,0.0,0.0,0.0,0.0,0.0,0.0,0.0,0.0
2,1531.2581821511658,beegfs,beegfs,ssd,beegfs,beegfs,0.0,0.0,0.0,0.0,0.0,0.0,0.0,0.0,0.0,0.0,0.0
2,1554.650035789621,beegfs,ssd,ssd,beegfs,beegfs,0.0,0.0,0.0,0.0,0.0,0.0,0.0,0.0,0.0,0.0,0.0
2,1557.9543464421447,beegfs,tmpfs,ssd,beegfs,beegfs,0.0,0.0,0.0,0.0,0.0,0.0,0.0,0.0,0.0,0.0,0.0
2,1628.9994393258426,beegfs,beegfs,ssd,ssd,ssd,0.0,0.0,0.0,0.0,0.0,0.0,0.0,0.0,0.0,0.0,0.0
2,1629.591872293277,beegfs,beegfs,ssd,ssd,beegfs,0.0,0.0,0.0,0.0,0.0,0.0,0.0,0.0,0.0,0.0,0.0
2,1629.950281023231,beegfs,beegfs,ssd,beegfs,ssd,0.0,0.0,0.0,0.0,0.0,0.0,0.0,0.0,0.0,0.0,0.0
2,1634.838197103011,beegfs,beegfs,tmpfs,tmpfs,tmpfs,0.0,0.0,0.0,0.0,0.0,0.0,0.0,0.0,0.0,0.0,0.0
2,1635.578598469397,beegfs,beegfs,tmpfs,tmpfs,beegfs,0.0,0.0,0.0,0.0,0.0,0.0,0.0,0.0,0.0,0.0,0.0
2,1635.9499819921753,beegfs,beegfs,tmpfs,beegfs,tmpfs,0.0,0.0,0.0,0.0,0.0,0.0,0.0,0.0,0.0,0.0,0.0
2,1652.3912929642977,beegfs,ssd,ssd,ssd,ssd,0.0,0.0,0.0,0.0,0.0,0.0,0.0,0.0,0.0,0.0,0.0
2,1652.983725931732,beegfs,ssd,ssd,ssd,beegfs,0.0,0.0,0.0,0.0,0.0,0.0,0.0,0.0,0.0,0.0,0.0
2,1653.3421346616856,beegfs,ssd,ssd,beegfs,ssd,0.0,0.0,0.0,0.0,0.0,0.0,0.0,0.0,0.0,0.0,0.0
2,1661.53436139399,beegfs,tmpfs,tmpfs,tmpfs,tmpfs,0.0,0.0,0.0,0.0,0.0,0.0,0.0,0.0,0.0,0.0,0.0
2,1662.2747627603762,beegfs,tmpfs,tmpfs,tmpfs,beegfs,0.0,0.0,0.0,0.0,0.0,0.0,0.0,0.0,0.0,0.0,0.0
2,1662.6461462831542,beegfs,tmpfs,tmpfs,beegfs,tmpfs,0.0,0.0,0.0,0.0,0.0,0.0,0.0,0.0,0.0,0.0,0.0
